MARKET,DEALER,DEPARTMENT,PAYMENT_TYPE,INV_DATE,INVOICE_TYPE,INV_TOTAL_LOCAL,VIN,REG_PLATE,VEH_TYPE,FUEL_TYPE,VEH_DESCRIPTION,ACCOUNT_CODE,CUSTOMER_NAME_AGREGATED,CUSTOMER_ADD_AGREGATED,LAST_NAME,FIRST_NAME,TITLE_,COMPANY_NAME_1,COMPANY_NAME_2,STREET,REGION,CITY,COUNTY,POSTCODE,ADDR_1,ADDR_2,ADDR_3,ADDR_4,ADDR_5,ADDR_6,HOME_TEL,WORK_TEL,PRO_TITLE,MOBILE_1,MOBILE_2,EMAIL_1,EMAIL_2,SALUTATION,PV_CV,CUSTOMER_TYPE
IE,51130,S,R,17/06/2026,380,947.08,WF0DXXGAKDEU00001,201LS00001,C,G,EcoSport 2018,T0095947,Emma Johnson,"BN15 9JH Lancing, 1 Leconfield Road",Smith,Emma,#,#,#,1 Leconfield Road,West Sussex,Lancing,United Kingdom,BN15 9JH,#,#,#,#,Clara,R35PO48,12025550101,12025550101,#,12025550101,#,user001@example.com,#,Mr.                 charlescfriar@gmail.com,PV,I
GB,47114AA,S,R,17/06/2026,380,519.9,WF0DXXGAKDEU00002,201LS00002,C,G,Fiesta 2013,66498,Liam Smith,"BN15 8AB Lancing, 12 South Street",Johnson,Liam,#,#,#,12 South Street,West Sussex,Lancing,United Kingdom,BN15 8AB,#,#,#,#,#,#,12025550102,12025550102,#,12025550102,#,user002@example.com,#,Mr,PV,I
IE,51130,S,W,17/06/2026,380,44.74,WF0DXXGAKDEU00003,201LS00003,T,D,Transit 2020,T0103442,Olivia Brown,"BN15 8CD Lancing, 24 North Road",Williams,Olivia,#,#,#,24 North Road,West Sussex,Lancing,United Kingdom,BN15 8CD,#,#,#,#,Athlone,#,12025550103,12025550103,#,12025550103,#,#,#,Mr.                 jason@avova.ie,CV,I
IE,51041,S,R,17/06/2026,380,458.86,WF0DXXGAKDEU00004,201LS00004,T,D,Transit Custom,10381,Noah Davis,"BN15 8EF Lancing, 36 Manor Road",Brown,Noah,#,#,#,36 Manor Road,West Sussex,Lancing,United Kingdom,BN15 8EF,#,#,#,#,#,#,12025550104,12025550104,#,12025550104,#,user004@example.com,#,Mr,CV,I
IE,51130,S,R,16/06/2026,380,926.34,WF0DXXGAKDEU00005,201LS00005,T,D,Ranger P703M,T0106049,Ava Wilson,"BN15 8GH Lancing, 48 Beach Green",Jones,Ava,#,#,#,48 Beach Green,West Sussex,Lancing,United Kingdom,BN15 8GH,#,#,#,Ballycumber,Tullamore,R35EA22,12025550105,12025550105,#,12025550105,#,user005@example.com,#,Mr.                 peter.fleming@tetrapak.com,CV,I
IE,51041,S,R,18/06/2026,380,243.03,WF0DXXGAKDEU00006,201LS00006,C,G,Focus 2018,22866,Elijah Miller,"BN15 8JK Lancing, 5 Upper Boundstone Lane",Garcia,Elijah,#,#,#,5 Upper Boundstone Lane,West Sussex,Lancing,United Kingdom,BN15 8JK,#,#,#,#,#,#,12025550106,12025550106,#,12025550106,#,user006@example.com,#,Mr,PV,I
GB,83883AA,S,W,15/06/2026,380,65.68,WF0DXXGAKDEU00007,201LS00007,T,D,Transit Custom,T1757200,Sophia Moore,"BN15 8LM Lancing, 17 Greenwood Avenue",Miller,Sophia,#,#,#,17 Greenwood Avenue,West Sussex,Lancing,United Kingdom,BN15 8LM,#,#,#,#,Swindon,SN1 4JP,12025550107,12025550107,#,12025550107,#,#,#,Mr                  yindy52@gmail.com,CV,I
GB,47114AA,S,W,18/06/2026,380,66.09,WF0DXXGAKDEU00008,201LS00008,C,H,PumaB CUV2020,67561,Lucas Taylor,"BN15 8NP Lancing, 29 Orchard Way",Davis,Lucas,#,#,#,29 Orchard Way,West Sussex,Lancing,United Kingdom,BN15 8NP,#,#,#,#,#,#,12025550108,12025550108,#,12025550108,#,user008@example.com,#,Mr,PV,I
IE,51172,S,W,18/06/2026,380,207.09,WF0DXXGAKDEU00009,201LS00009,C,H,PumaB CUV2020,T0041028,Isabella Anderson,"BN15 8QR Lancing, 41 Elm Grove",Rodriguez,Isabella,#,#,#,41 Elm Grove,West Sussex,Lancing,United Kingdom,BN15 8QR,#,#,#,Douglas,Cork,T12Y970,12025550109,12025550109,#,12025550109,#,user009@example.com,#,Mr,PV,I
GB,83556AA,S,F,16/06/2026,380,185.41,WF0DXXGAKDEU00010,201LS00010,C,H,PumaB CUV2020,3143382,Mason Thomas,"BN15 8ST Lancing, 53 Willow Close",Martinez,Mason,#,#,#,53 Willow Close,West Sussex,Lancing,United Kingdom,BN15 8ST,#,#,#,#,#,#,12025550110,12025550110,#,12025550110,#,user010@example.com,#,Mr,PV,I
GB,84465AA,S,R,17/06/2026,380,54.85,WF0DXXGAKDEU00011,201LS00011,#,E,MACH_E,NOACCOUNT#,Mia Jackson,"BN15 8UV Lancing, 65 Cedar Drive",Hernandez,Mia,#,#,#,65 Cedar Drive,West Sussex,Lancing,United Kingdom,BN15 8UV,#,#,#,#,#,#,12025550111,12025550111,#,12025550111,#,user011@example.com,#,#,OV,I
GB,47114DA,S,W,15/06/2026,380,69.64,WF0DXXGAKDEU00012,201LS00012,T,D,Transit 2020,127527,Ethan White,"BN15 8WX Lancing, 77 Oak Lane",Lopez,Ethan,#,#,#,77 Oak Lane,West Sussex,Lancing,United Kingdom,BN15 8WX,#,#,#,#,#,#,12025550112,12025550112,#,12025550112,#,#,#,#,CV,I
IE,51130,S,R,16/06/2026,380,527.9,WF0DXXGAKDEU00013,201LS00013,T,D,Ranger 2011,T0102373,Charlotte Harris,"BN15 8YZ Lancing, 89 Maple Road",Gonzalez,Charlotte,#,#,#,89 Maple Road,West Sussex,Lancing,United Kingdom,BN15 8YZ,#,#,#,#,#,#,12025550113,12025550113,#,12025550113,#,user013@example.com,#,Mr.                 None@gmail.com,CV,I
GB,72707BA,S,R,16/06/2026,380,512.5,WF0DXXGAKDEU00014,201LS00014,C,G,Fiesta 2017,T1138841,James Martin,"BN15 9AB Lancing, 101 Hawthorn Crescent",Wilson,James,#,#,#,101 Hawthorn Crescent,West Sussex,Lancing,United Kingdom,BN15 9AB,#,#,#,#,Bedworth,CV12 0GZ,12025550114,12025550114,#,12025550114,#,user014@example.com,#,Mr                  sunroof73@hotmail.com,PV,I
IE,51041,S,W,16/06/2026,380,604.5,WF0DXXGAKDEU00015,201LS00015,C,D,V769 Transit Courier,12481,Amelia Thompson,"BN15 9CD Lancing, 113 Sycamore Avenue",Anderson,Amelia,#,#,#,113 Sycamore Avenue,West Sussex,Lancing,United Kingdom,BN15 9CD,#,#,#,#,#,#,12025550115,12025550115,#,12025550115,#,user015@example.com,#,Mr,CV,I
GB,47114DA,S,R,13/06/2026,380,398.73,WF0DXXGAKDEU00016,201LS00016,C,H,Kuga 2021,156222,Benjamin Garcia,"BN15 9EF Lancing, 125 Ash Grove",Thomas,Benjamin,#,#,#,125 Ash Grove,West Sussex,Lancing,United Kingdom,BN15 9EF,#,#,#,#,#,#,12025550116,12025550116,#,12025550116,#,user016@example.com,#,Mr,PV,I
GB,84465AA,S,R,13/06/2026,380,98,WF0DXXGAKDEU00017,201LS00017,#,G,EcoSport 2018,NOACCOUNT#,Harper Martinez,"BN15 9GH Lancing, 137 Poplar Road",Taylor,Harper,#,#,#,137 Poplar Road,West Sussex,Lancing,United Kingdom,BN15 9GH,#,#,#,#,#,#,12025550117,12025550117,#,12025550117,#,#,#,Mrs,PV,I
GB,83883AA,S,W,15/06/2026,380,117.47,WF0DXXGAKDEU00018,201LS00018,#,D,Kuga 2021,T2153732,Logan Robinson,"BN15 9JK Lancing, 149 Birch Way",Moore,Logan,#,#,#,149 Birch Way,West Sussex,Lancing,United Kingdom,BN15 9JK,#,#,#,#,#,#,12025550118,12025550118,#,12025550118,#,user018@example.com,#,#,PV,I
IE,51041,S,R,13/06/2026,380,259.98,WF0DXXGAKDEU00019,201LS00019,C,D,Kuga 2021,2062,Evelyn Clark,"BN15 9LM Lancing, 161 Chestnut Drive",Jackson,Evelyn,#,#,#,161 Chestnut Drive,West Sussex,Lancing,United Kingdom,BN15 9LM,#,#,#,#,#,#,12025550119,12025550119,#,12025550119,#,user019@example.com,#,Ms,PV,I
GB,47114DA,S,R,17/06/2026,380,1036.92,WF0DXXGAKDEU00020,201LS00020,C,D,C-Max 2015,130619,Alexander Rodriguez,"BN15 9NP Lancing, 173 Acacia Road",Martin,Alexander,#,#,#,173 Acacia Road,West Sussex,Lancing,United Kingdom,BN15 9NP,#,#,#,#,#,#,12025550120,12025550120,#,12025550120,#,user020@example.com,#,Mrs,OV,I
IE,51171,S,R,17/06/2026,380,100,WF0DXXGAKDEU00021,201LS00021,#,G,Focus 2018,T0012604,Abigail Lewis,"BN15 9QR Lancing, 185 Victoria Road",Lee,Abigail,#,#,#,185 Victoria Road,West Sussex,Lancing,United Kingdom,BN15 9QR,#,#,#,Co Meath,#,#,12025550121,12025550121,#,12025550121,#,user021@example.com,#,gcgillian@gmail.com,PV,I
GB,75259DA,S,R,17/06/2026,380,54.85,WF0DXXGAKDEU00022,201LS00022,#,D,Mondeo 2015,3603636,Michael Lee,"BN15 9ST Lancing, 197 Kingsway",Perez,Michael,#,#,#,197 Kingsway,West Sussex,Lancing,United Kingdom,BN15 9ST,#,#,#,#,#,#,12025550122,12025550122,#,12025550122,#,user022@example.com,#,Mr,PV,I
GB,47114DA,S,R,17/06/2026,380,137.55,WF0DXXGAKDEU00023,201LS00023,#,D,Transit 2020,159108,Emily Walker,"BN15 9UV Lancing, 209 Queens Road",Thompson,Emily,#,#,#,209 Queens Road,West Sussex,Lancing,United Kingdom,BN15 9UV,#,#,#,#,#,#,12025550123,12025550123,#,12025550123,#,#,#,#,CV,I
IE,51041,S,R,17/06/2026,380,1767.4,WF0DXXGAKDEU00024,201LS00024,T,D,Transit Custom,24887,Daniel Hall,"BN15 9WX Lancing, 221 Station Road",White,Daniel,#,#,#,221 Station Road,West Sussex,Lancing,United Kingdom,BN15 9WX,#,#,#,#,#,#,12025550124,12025550124,#,12025550124,#,user024@example.com,#,Mr,CV,I
IE,51172,S,W,18/06/2026,380,185.65,WF0DXXGAKDEU00025,201LS00025,T,D,Ranger 2011,T0043100,Elizabeth Allen,"BN15 9YZ Lancing, 233 Seaview Avenue",Harris,Elizabeth,#,#,#,233 Seaview Avenue,West Sussex,Lancing,United Kingdom,BN15 9YZ,#,#,#,.,#,#,12025550125,12025550125,#,12025550125,#,user025@example.com,#,Mr,CV,I
GB,47114DA,S,W,15/06/2026,380,310.62,WF0DXXGAKDEU00026,201LS00026,T,D,TRANSIT CUSTOM,144624,Henry Young,"BN15 7AB Lancing, 245 Brighton Road",Sanchez,Henry,#,#,#,245 Brighton Road,West Sussex,Lancing,United Kingdom,BN15 7AB,#,#,#,#,#,#,12025550126,12025550126,#,12025550126,#,user026@example.com,#,#,OV,I
GB,47114DA,S,W,15/06/2026,380,69.64,WF0DXXGAKDEU00027,201LS00027,T,D,Transit 2020,163452,Sofia Hernandez,"BN15 7CD Lancing, 257 The Drive",Clark,Sofia,#,#,#,257 The Drive,West Sussex,Lancing,United Kingdom,BN15 7CD,#,#,#,#,#,#,12025550127,12025550127,#,12025550127,#,#,#,Mr,CV,I
GB,72707CA,S,R,15/06/2026,380,280.83,WF0DXXGAKDEU00028,201LS00028,C,G,Focus 2018,T1919977,Jackson King,"BN15 7EF Lancing, 269 Church Lane",Ramirez,Jackson,#,#,#,269 Church Lane,West Sussex,Lancing,United Kingdom,BN15 7EF,#,#,#,#,Daventry,NN11 4UA,12025550128,12025550128,#,12025550128,#,user028@example.com,#,Mrs                 jessica198567@outlook.com,PV,I
GB,47114AA,S,R,17/06/2026,380,680.35,WF0DXXGAKDEU00029,201LS00029,C,G,B Max,122145,Avery Wright,"BN15 7GH Lancing, 281 Mill Road",Lewis,Avery,#,#,#,281 Mill Road,West Sussex,Lancing,United Kingdom,BN15 7GH,#,#,#,#,#,#,12025550129,12025550129,#,12025550129,#,user029@example.com,#,Mr,OV,I
GB,84465AA,S,R,17/06/2026,380,229.01,WF0DXXGAKDEU00030,201LS00030,C,G,Focus 2018,NOACCOUNT#,Sebastian Lopez,"BN15 7JK Lancing, 293 Park Avenue",Robinson,Sebastian,#,#,#,293 Park Avenue,West Sussex,Lancing,United Kingdom,BN15 7JK,#,#,#,#,#,#,12025550130,12025550130,#,12025550130,#,user030@example.com,#,Mr,PV,I
GB,84465AA,S,F,18/06/2026,380,75.69,WF0DXXGAKDEU00031,201LS00031,#,G,Fiesta 2017,NOACCOUNT#,Ella Hill,"BN15 7LM Lancing, 305 School Road",Walker,Ella,#,#,#,305 School Road,West Sussex,Lancing,United Kingdom,BN15 7LM,#,#,#,#,#,#,12025550131,12025550131,#,12025550131,#,user031@example.com,#,Mr,PV,I
IE,51172,S,R,18/06/2026,380,435.1,WF0DXXGAKDEU00032,201LS00032,T,D,Ranger P703M,/0047684,Jack Scott,"BN15 7NP Lancing, 317 Brookside",Young,Jack,#,#,#,317 Brookside,West Sussex,Lancing,United Kingdom,BN15 7NP,#,#,#,#,#,#,12025550132,12025550132,#,12025550132,#,#,#,#,CV,I
GB,47114CA,S,R,18/06/2026,380,405.54,WF0DXXGAKDEU00033,201LS00033,C,H,Focus 2018,166628,Scarlett Green,"BN15 7QR Lancing, 329 Meadow Way",Allen,Scarlett,#,#,#,329 Meadow Way,West Sussex,Lancing,United Kingdom,BN15 7QR,#,#,#,#,#,#,12025550133,12025550133,#,12025550133,#,user033@example.com,#,Mr,PV,I
IE,51172,S,W,18/06/2026,380,507.46,WF0DXXGAKDEU00034,201LS00034,C,D,V769 Transit Courier,T0038153,Owen Adams,"BN15 7ST Lancing, 341 Downs View",King,Owen,#,#,#,341 Downs View,West Sussex,Lancing,United Kingdom,BN15 7ST,#,#,#,Dublin 12,#,#,12025550134,12025550134,#,12025550134,#,user034@example.com,#,lilia.ogorman@niftibusiness.ie,CV,I
GB,75259DA,S,R,15/06/2026,380,96.3,WF0DXXGAKDEU00035,201LS00035,C,G,Fiesta 2017,560210,Grace Baker,"BN15 7UV Lancing, 353 Southview Road",Wright,Grace,#,#,#,353 Southview Road,West Sussex,Lancing,United Kingdom,BN15 7UV,#,#,#,#,#,#,12025550135,12025550135,#,12025550135,#,user035@example.com,#,Ms,PV,I
IE,51172,S,R,16/06/2026,380,260.37,WF0DXXGAKDEU00036,201LS00036,T,D,TRANSIT CUSTOM,/0047762,Samuel Gonzalez,"BN15 7WX Lancing, 365 Westfield Road",Scott,Samuel,#,#,#,365 Westfield Road,West Sussex,Lancing,United Kingdom,BN15 7WX,#,#,#,#,#,#,12025550136,12025550136,#,12025550136,#,user036@example.com,#,#,OV,I
GB,84465AA,S,R,18/06/2026,380,229.02,WF0DXXGAKDEU00037,201LS00037,C,G,Fiesta 2013,NOACCOUNT#,Chloe Nelson,"BN15 7YZ Lancing, 377 Eastfield Avenue",Torres,Chloe,#,#,#,377 Eastfield Avenue,West Sussex,Lancing,United Kingdom,BN15 7YZ,#,#,#,#,#,#,12025550137,12025550137,#,12025550137,#,user037@example.com,#,Ms,PV,I
GB,83883AA,S,F,15/06/2026,380,279,WF0DXXGAKDEU00038,201LS00038,C,H,Kuga 2021,T1711512,Levi Carter,"BN15 6AB Lancing, 389 Rose Walk",Nguyen,Levi,#,#,#,389 Rose Walk,West Sussex,Lancing,United Kingdom,BN15 6AB,#,#,#,#,Faringdon,SN7 8HS,12025550138,12025550138,#,12025550138,#,#,#,Mr,PV,I
IE,51041,S,R,19/06/2026,380,424.19,WF0DXXGAKDEU00039,201LS00039,T,D,Ranger 2011,26331,Victoria Mitchell,"BN15 6CD Lancing, 401 Lavender Close",Hill,Victoria,#,#,#,401 Lavender Close,West Sussex,Lancing,United Kingdom,BN15 6CD,#,#,#,#,#,#,12025550139,12025550139,#,12025550139,#,user039@example.com,#,Mr,CV,I
GB,43301BA,S,W,15/06/2026,380,105.58,WF0DXXGAKDEU00040,201LS00040,#,#,Kuga 2021,T2229731,Matthew Perez,"BN15 6EF Lancing, 413 Jasmine Road",Flores,Matthew,#,#,#,413 Jasmine Road,West Sussex,Lancing,United Kingdom,BN15 6EF,#,#,#,Thorney Mill Road,West Drayton,UB7 7EZ,12025550140,12025550140,#,12025550140,#,user040@example.com,#,Company,PV,I
GB,83556AA,S,F,18/06/2026,380,78.9,WF0DXXGAKDEU00041,201LS00041,#,#,PumaB CUV2020,3598987,Lily Roberts,"BN15 6GH Lancing, 425 Magnolia Drive",Green,Lily,#,#,#,425 Magnolia Drive,West Sussex,Lancing,United Kingdom,BN15 6GH,#,#,#,#,#,#,12025550141,12025550141,#,12025550141,#,user041@example.com,#,Mrs,PV,I
GB,84465AA,S,R,15/06/2026,380,380,WF0DXXGAKDEU00042,201LS00042,T,D,Transit 2020,110048,Joseph Turner,"BN15 6JK Lancing, 437 Primrose Lane",Adams,Joseph,#,#,#,437 Primrose Lane,West Sussex,Lancing,United Kingdom,BN15 6JK,#,#,#,#,#,#,12025550142,12025550142,#,12025550142,#,#,#,#,CV,I
GB,83556EA,S,F,18/06/2026,380,296.46,WF0DXXGAKDEU00043,201LS00043,C,H,PumaB CUV2020,646484,Aria Phillips,"BN15 6LM Lancing, 449 Sunflower Way",Nelson,Aria,#,#,#,449 Sunflower Way,West Sussex,Lancing,United Kingdom,BN15 6LM,#,#,#,#,#,#,12025550143,12025550143,#,12025550143,#,user043@example.com,#,Mr,PV,I
IE,51172,S,R,17/06/2026,380,180.62,WF0DXXGAKDEU00044,201LS00044,T,D,TRANSIT CUSTOM,T0039029,David Campbell,"BN15 6NP Lancing, 461 Daffodil Road",Baker,David,#,#,#,461 Daffodil Road,West Sussex,Lancing,United Kingdom,BN15 6NP,#,#,#,Montenotte,Cork,#,12025550144,12025550144,#,12025550144,#,user044@example.com,#,Mr                  michaelogrady@hanrahanbuilders.ie,OV,I
GB,47114CA,S,R,15/06/2026,380,524.72,WF0DXXGAKDEU00045,201LS00045,C,D,Transit Connect - V408,159894,Zoey Parker,"BN15 6QR Lancing, 473 Bluebell Avenue",Hall,Zoey,#,#,#,473 Bluebell Avenue,West Sussex,Lancing,United Kingdom,BN15 6QR,#,#,#,#,#,#,12025550145,12025550145,#,12025550145,#,user045@example.com,#,Mr,CV,I
GB,72707BA,S,R,20/06/2026,380,180.5,WF0DXXGAKDEU00046,201LS00046,#,G,Fiesta 2017,T1771898,John Evans,"BN15 6ST Lancing, 485 Poppy Close",Rivera,John,#,#,#,485 Poppy Close,West Sussex,Lancing,United Kingdom,BN15 6ST,#,#,#,#,Nuneaton,CV11 4TJ,12025550146,12025550146,#,12025550146,#,user046@example.com,#,Mrs                 mogmel@hotmail.co.uk,PV,I
GB,83556AA,S,F,15/06/2026,380,261,WF0DXXGAKDEU00047,201LS00047,C,H,Focus 2018,3596796,Penelope Edwards,"BN15 6UV Lancing, 497 Tulip Gardens",Campbell,Penelope,#,#,#,497 Tulip Gardens,West Sussex,Lancing,United Kingdom,BN15 6UV,#,#,#,#,#,#,12025550147,12025550147,#,12025550147,#,#,#,Mr,PV,I
GB,83556AA,S,W,17/06/2026,380,48.74,WF0DXXGAKDEU00048,201LS00048,#,D,Transit Connect - V408,617542,Wyatt Collins,"BN15 6WX Lancing, 509 Clover Road",Mitchell,Wyatt,#,#,#,509 Clover Road,West Sussex,Lancing,United Kingdom,BN15 6WX,#,#,#,#,#,#,12025550148,12025550148,#,12025550148,#,user048@example.com,#,Mrs,CV,I
IE,51130,S,R,15/06/2026,380,106.84,WF0DXXGAKDEU00049,201LS00049,#,D,V769 Transit Courier,T0002877,Riley Stewart,"BN15 6YZ Lancing, 521 Heather Lane",Carter,Riley,#,#,#,521 Heather Lane,West Sussex,Lancing,United Kingdom,BN15 6YZ,#,#,#,Co Westmeath,#,MULLINGAR,12025550149,12025550149,#,12025550149,#,user049@example.com,#,Mr.                 mullingar@colton.ie,CV,I
GB,72707CA,S,R,16/06/2026,380,169.17,WF0DXXGAKDEU00050,201LS00050,C,G,PumaB CUV2020,T2163382,Luke Sanchez,"BN15 5AB Lancing, 533 Fern Drive",Roberts,Luke,#,#,#,533 Fern Drive,West Sussex,Lancing,United Kingdom,BN15 5AB,#,#,#,#,Southam,CV47 1NT,12025550150,12025550150,#,12025550150,#,user050@example.com,#,Mr                  capvs.design@gmail.com,PV,I
GB,75259DA,S,R,19/06/2026,380,403.37,WF0DXXGAKDEU00051,201LS00051,C,H,PumaB CUV2020,3065975,Nora Morris,"BN15 5CD Lancing, 545 Ivy Road",Gomez,Nora,#,#,#,545 Ivy Road,West Sussex,Lancing,United Kingdom,BN15 5CD,#,#,#,#,#,#,12025550151,12025550151,#,12025550151,#,user051@example.com,#,Mr,PV,I
GB,72707BA,S,W,18/06/2026,380,1004.42,WF0DXXGAKDEU00052,201LS00052,C,E,MACH_E,T2226213,Gabriel Rogers,"BN15 5EF Lancing, 557 Holly Avenue",Phillips,Gabriel,#,#,#,557 Holly Avenue,West Sussex,Lancing,United Kingdom,BN15 5EF,#,#,#,#,Nuneaton,CV10 9SX,12025550152,12025550152,#,12025550152,#,#,#,Mrs                 emilyconnor691@yahoo.com,OV,I
GB,47114CA,S,W,16/06/2026,380,309.75,WF0DXXGAKDEU00053,201LS00053,C,G,Mondeo 2015,84916,Hannah Reed,"BN15 5GH Lancing, 569 Rowan Close",Evans,Hannah,#,#,#,569 Rowan Close,West Sussex,Lancing,United Kingdom,BN15 5GH,#,#,#,#,#,#,12025550153,12025550153,#,12025550153,#,user053@example.com,#,Mr,PV,I
GB,47114DA,S,W,19/06/2026,380,419.86,WF0DXXGAKDEU00054,201LS00054,T,D,TRANSIT CUSTOM,175060,Julian Cook,"BN15 5JK Lancing, 581 Linden Way",Turner,Julian,#,#,#,581 Linden Way,West Sussex,Lancing,United Kingdom,BN15 5JK,#,#,#,#,#,#,12025550154,12025550154,#,12025550154,#,user054@example.com,#,Mr,OV,I
IE,51172,S,R,17/06/2026,380,229.35,WF0DXXGAKDEU00055,201LS00055,C,H,PumaB CUV2020,T0040679,Layla Morgan,"BN15 5LM Lancing, 593 Beech Road",Diaz,Layla,#,#,#,593 Beech Road,West Sussex,Lancing,United Kingdom,BN15 5LM,#,#,#,Cork.,#,P31 EV74,12025550155,12025550155,#,12025550155,#,user055@example.com,#,Dr                  p.meere@ucc.ie,PV,I
IE,51172,S,R,18/06/2026,380,1325.22,WF0DXXGAKDEU00056,201LS00056,C,D,Focus 2015,T0031484,Isaac Bell,"BN15 5NP Lancing, 605 Yew Lane",Parker,Isaac,#,#,#,605 Yew Lane,West Sussex,Lancing,United Kingdom,BN15 5NP,#,#,#,Little Island,Cork,#,12025550156,12025550156,#,12025550156,#,user056@example.com,#,Mr                  mbarry@bmceirco.com,PV,I
IE,51172,S,R,19/06/2026,380,257.65,WF0DXXGAKDEU00057,201LS00057,C,D,Mondeo 2015,T0031532,Aubrey Murphy,"BN15 5QR Lancing, 617 Walnut Drive",Cruz,Aubrey,#,#,#,617 Walnut Drive,West Sussex,Lancing,United Kingdom,BN15 5QR,#,#,#,Co.Cork,#,#,12025550157,12025550157,#,12025550157,#,user057@example.com,#,Mr                  orourke.mark@apple.com,PV,I
IE,51171,S,W,19/06/2026,380,218.59,WF0DXXGAKDEU00058,201LS00058,C,H,PumaB CUV2020,T0102896,Anthony Bailey,"BN15 5ST Lancing, 629 Spruce Road",Edwards,Anthony,#,#,#,629 Spruce Road,West Sussex,Lancing,United Kingdom,BN15 5ST,#,#,#,#,#,N91A3N2,12025550158,12025550158,#,12025550158,#,#,#,Ms.                 bettygoff74@gmail.com,PV,I
IE,51041,S,R,16/06/2026,380,396.39,WF0DXXGAKDEU00059,201LS00059,C,D,Transit Connect - V408,11585,Ellie Rivera,"BN15 5UV Lancing, 641 Pine Avenue",Collins,Ellie,#,#,#,641 Pine Avenue,West Sussex,Lancing,United Kingdom,BN15 5UV,#,#,#,#,#,#,12025550159,12025550159,#,12025550159,#,user059@example.com,#,#,CV,I
GB,47114DA,S,R,15/06/2026,380,49.95,WF0DXXGAKDEU00060,201LS00060,#,#,Fiesta 2017,76903,Dylan Cooper,"BN15 5WX Lancing, 653 Fir Close",Reyes,Dylan,#,#,#,653 Fir Close,West Sussex,Lancing,United Kingdom,BN15 5WX,#,#,#,#,#,#,12025550160,12025550160,#,12025550160,#,user060@example.com,#,Mrs,PV,I
GB,85795AA,S,R,17/06/2026,380,207,WF0DXXGAKDEU00061,201LS00061,T,D,Transit Custom,NOACCOUNT#,Stella Richardson,"BN15 5YZ Lancing, 665 Cypress Way",Stewart,Stella,#,#,#,665 Cypress Way,West Sussex,Lancing,United Kingdom,BN15 5YZ,#,#,#,#,#,#,12025550161,12025550161,#,12025550161,#,user061@example.com,#,Mr,CV,I
GB,83883AA,S,R,15/06/2026,380,325.42,WF0DXXGAKDEU00062,201LS00062,C,D,CITY VAN 2022,T2153732,Andrew Cox,"BN15 4AB Lancing, 677 Grove Road",Morris,Andrew,#,#,#,677 Grove Road,West Sussex,Lancing,United Kingdom,BN15 4AB,#,#,#,#,#,#,12025550162,12025550162,#,12025550162,#,#,#,#,OV,I
GB,85795AA,S,W,19/06/2026,380,710.85,WF0DXXGAKDEU00063,201LS00063,T,D,Transit 2020,NOACCOUNT#,Natalie Howard,"BN15 4CD Lancing, 689 Hillcrest Avenue",Morales,Natalie,#,#,#,689 Hillcrest Avenue,West Sussex,Lancing,United Kingdom,BN15 4CD,#,#,#,#,#,#,12025550163,12025550163,#,12025550163,#,user063@example.com,#,#,CV,I
GB,72707CA,S,R,15/06/2026,380,388.83,WF0DXXGAKDEU00064,201LS00064,C,D,Kuga 2013,T0979364,Joshua Ward,"BN15 4EF Lancing, 701 Valley Road",Murphy,Joshua,#,#,#,701 Valley Road,West Sussex,Lancing,United Kingdom,BN15 4EF,#,#,#,#,Kenilworth,CV8 2BY,12025550164,12025550164,#,12025550164,#,user064@example.com,#,Mr                  brownaj.cv@gmail.com,PV,I
GB,72707BA,S,R,15/06/2026,380,70.83,WF0DXXGAKDEU00065,201LS00065,#,G,Fiesta 2013,T0031450,Zoe Torres,"BN15 4GH Lancing, 713 Ridgeway",Cook,Zoe,#,#,#,713 Ridgeway,West Sussex,Lancing,United Kingdom,BN15 4GH,#,#,#,#,Coventry,CV6 2JB,12025550165,12025550165,#,12025550165,#,user065@example.com,#,Miss                june.bedford@yahoo.co.uk,PV,I
GB,47114DA,S,R,16/06/2026,380,1664.47,WF0DXXGAKDEU00066,201LS00066,T,D,TRANSIT CUSTOM,167942,Christopher Peterson,"BN15 4JK Lancing, 725 Woodland Drive",Rogers,Christopher,#,#,#,725 Woodland Drive,West Sussex,Lancing,United Kingdom,BN15 4JK,#,#,#,#,#,#,12025550166,12025550166,#,12025550166,#,user066@example.com,#,Mr,OV,I
GB,47114CA,S,R,15/06/2026,380,54.85,WF0DXXGAKDEU00067,201LS00067,#,G,B Max,149536,Leah Gray,"BN15 4LM Lancing, 737 River View",Gutierrez,Leah,#,#,#,737 River View,West Sussex,Lancing,United Kingdom,BN15 4LM,#,#,#,#,#,#,12025550167,12025550167,#,12025550167,#,#,#,Mr,OV,I
GB,83556EA,S,R,19/06/2026,380,547.6,WF0DXXGAKDEU00068,201LS00068,T,D,Transit 2020,3386916,Nathan Ramirez,"BN15 4NP Lancing, 749 Lakeside Road",Ortiz,Nathan,#,#,#,749 Lakeside Road,West Sussex,Lancing,United Kingdom,BN15 4NP,#,#,#,#,#,#,12025550168,12025550168,#,12025550168,#,user068@example.com,#,#,CV,I
IE,51171,S,W,15/06/2026,380,295.76,WF0DXXGAKDEU00069,201LS00069,T,G,Ranger P703A,T0006230,Hazel James,"BN15 4QR Lancing, 761 Coastal Way",Morgan,Hazel,#,#,#,761 Coastal Way,West Sussex,Lancing,United Kingdom,BN15 4QR,#,#,#,Co Longford,#,#,12025550169,12025550169,#,12025550169,#,user069@example.com,#,Mr.                 trevortenright@gmail.com,CV,I
GB,84465AA,S,W,18/06/2026,380,50.83,WF0DXXGAKDEU00070,201LS00070,#,D,Transit Connect - V408,NOACCOUNT#,Caleb Watson,"BN15 4ST Lancing, 773 Harbour Close",Cooper,Caleb,#,#,#,773 Harbour Close,West Sussex,Lancing,United Kingdom,BN15 4ST,#,#,#,#,#,#,12025550170,12025550170,#,12025550170,#,user070@example.com,#,#,CV,I
GB,43301BA,S,R,15/06/2026,380,310.43,WF0DXXGAKDEU00071,201LS00071,C,G,Fiesta 2002,T1519304,Violet Brooks,"BN15 4UV Lancing, 785 Marina Drive",Peterson,Violet,#,#,#,785 Marina Drive,West Sussex,Lancing,United Kingdom,BN15 4UV,#,#,#,#,#,#,12025550171,12025550171,#,12025550171,#,user071@example.com,#,johnhpcread@gmail.com,PV,I
IE,51171,S,R,17/06/2026,380,982.9,WF0DXXGAKDEU00072,201LS00072,T,D,TRANSIT CUSTOM,T0017732,Ryan Kelly,"BN15 4WX Lancing, 797 Anchorage Road",Bailey,Ryan,#,#,#,797 Anchorage Road,West Sussex,Lancing,United Kingdom,BN15 4WX,#,#,#,Kilkenny,Co Kilkenny,#,12025550172,12025550172,#,12025550172,#,user072@example.com,#,Mr.                 noel.sbuckley@gmail.com,OV,I
GB,72707CA,S,R,19/06/2026,380,256.33,WF0DXXGAKDEU00073,201LS00073,C,G,EcoSport,T2129696,Aurora Sanders,"BN15 4YZ Lancing, 809 Pier Avenue",Reed,Aurora,#,#,#,809 Pier Avenue,West Sussex,Lancing,United Kingdom,BN15 4YZ,#,#,#,#,Warwick,CV34 7BZ,12025550173,12025550173,#,12025550173,#,#,#,Mr                  gaurav.nk.48@gmail.com,PV,I
GB,47114AA,S,W,18/06/2026,380,112.42,WF0DXXGAKDEU00074,201LS00074,#,D,Transit Connect - V408,148793,Christian Price,"BN15 3AB Lancing, 821 Cliff Road",Kelly,Christian,#,#,#,821 Cliff Road,West Sussex,Lancing,United Kingdom,BN15 3AB,#,#,#,#,#,#,12025550174,12025550174,#,12025550174,#,user074@example.com,#,Mr,CV,I
GB,50669AA,S,R,18/06/2026,380,283.22,WF0DXXGAKDEU00075,201LS00075,C,G,Fiesta 2013,RUND02,Savannah Bennett,"BN15 3CD Lancing, 833 Shoreham Lane",Howard,Savannah,#,#,#,833 Shoreham Lane,West Sussex,Lancing,United Kingdom,BN15 3CD,#,#,#,#,#,#,12025550175,12025550175,#,12025550175,#,user075@example.com,#,MR,PV,I
IE,51041,S,W,15/06/2026,380,50.32,WF0DXXGAKDEU00076,201LS00076,T,D,Transit Custom,25071,Jonathan Wood,"BN15 3EF Lancing, 845 Beacon Road",Ramos,Jonathan,#,#,#,845 Beacon Road,West Sussex,Lancing,United Kingdom,BN15 3EF,#,#,#,#,#,#,12025550176,12025550176,#,12025550176,#,user076@example.com,#,Mr,CV,I
GB,47114CA,S,W,16/06/2026,380,107.38,WF0DXXGAKDEU00077,201LS00077,#,#,Kuga 2021,155698,Brooklyn Barnes,"BN15 3GH Lancing, 857 Downs Lane",Kim,Brooklyn,#,#,#,857 Downs Lane,West Sussex,Lancing,United Kingdom,BN15 3GH,#,#,#,#,#,#,12025550177,12025550177,#,12025550177,#,#,#,Mrs,PV,I
GB,47114DA,S,W,16/06/2026,380,80.56,WF0DXXGAKDEU00078,201LS00078,T,D,Ranger P703M,144624,Thomas Ross,"BN15 3JK Lancing, 869 Cross Street",Cox,Thomas,#,#,#,869 Cross Street,West Sussex,Lancing,United Kingdom,BN15 3JK,#,#,#,#,#,#,12025550178,12025550178,#,12025550178,#,user078@example.com,#,#,CV,I
GB,84465AA,S,W,19/06/2026,380,723.87,WF0DXXGAKDEU00079,201LS00079,T,D,Transit 2020,NOACCOUNT#,Claire Henderson,"BN15 3LM Lancing, 881 High Street",Ward,Claire,#,#,#,881 High Street,West Sussex,Lancing,United Kingdom,BN15 3LM,#,#,#,#,#,#,12025550179,12025550179,#,12025550179,#,user079@example.com,#,#,CV,I
GB,47114DA,S,R,17/06/2026,380,93,WF0DXXGAKDEU00080,201LS00080,#,D,Transit Custom,129813,Charles Coleman,"BN15 3NP Lancing, 893 Market Road",Richardson,Charles,#,#,#,893 Market Road,West Sussex,Lancing,United Kingdom,BN15 3NP,#,#,#,#,#,#,12025550180,12025550180,#,12025550180,#,user080@example.com,#,Mr,CV,I
GB,72707BA,S,R,15/06/2026,380,132.5,WF0DXXGAKDEU00081,201LS00081,#,D,Transit 2020,T2223653,Skylar Jenkins,"BN15 3QR Lancing, 905 Forge Lane",Watson,Skylar,#,#,#,905 Forge Lane,West Sussex,Lancing,United Kingdom,BN15 3QR,#,#,#,#,Rugby,CV21 1PB,12025550181,12025550181,#,12025550181,#,user081@example.com,#,Mr                  yvonne@advancedtotalsupplies.co.uk,CV,I
GB,83883AA,S,R,17/06/2026,380,98.57,WF0DXXGAKDEU00082,201LS00082,C,G,Mustang 2015,T2153732,Aaron Perry,"BN15 3ST Lancing, 917 Foundry Close",Brooks,Aaron,#,#,#,917 Foundry Close,West Sussex,Lancing,United Kingdom,BN15 3ST,#,#,#,#,#,#,12025550182,12025550182,#,12025550182,#,#,#,#,IV,I
GB,47114CA,S,R,19/06/2026,380,270.08,WF0DXXGAKDEU00083,201LS00083,C,G,Focus 2015,175788,Lucy Powell,"BN15 3UV Lancing, 929 Chapel Road",Chavez,Lucy,#,#,#,929 Chapel Road,West Sussex,Lancing,United Kingdom,BN15 3UV,#,#,#,#,#,#,12025550183,12025550183,#,12025550183,#,user083@example.com,#,Mr,PV,I
GB,84465AA,S,R,18/06/2026,380,751.66,WF0DXXGAKDEU00084,201LS00084,T,D,Transit Custom,NOACCOUNT#,Lincoln Long,"BN15 3WX Lancing, 941 Rectory Lane",Wood,Lincoln,#,#,#,941 Rectory Lane,West Sussex,Lancing,United Kingdom,BN15 3WX,#,#,#,#,#,#,12025550184,12025550184,#,12025550184,#,user084@example.com,#,#,CV,I
GB,47114AA,S,W,18/06/2026,380,93.89,WF0DXXGAKDEU00085,201LS00085,T,D,TRANSIT CUSTOM,166594,Anna Patterson,"BN15 3YZ Lancing, 953 Glebe Road",James,Anna,#,#,#,953 Glebe Road,West Sussex,Lancing,United Kingdom,BN15 3YZ,#,#,#,#,#,#,12025550185,12025550185,#,12025550185,#,user085@example.com,#,Mr,OV,I
GB,47114AA,S,R,18/06/2026,380,830.98,WF0DXXGAKDEU00086,201LS00086,C,G,Fiesta 2013,162461,Jeremiah Hughes,"BN15 2AB Lancing, 965 Boundary Road",Bennett,Jeremiah,#,#,#,965 Boundary Road,West Sussex,Lancing,United Kingdom,BN15 2AB,#,#,#,#,#,#,12025550186,12025550186,#,12025550186,#,user086@example.com,#,Mrs,PV,I
GB,83883AA,S,R,18/06/2026,380,180.5,WF0DXXGAKDEU00087,201LS00087,#,D,Mondeo 2015,T2078840,Caroline Flores,"BN15 2CD Lancing, 977 Field View",Gray,Caroline,#,#,#,977 Field View,West Sussex,Lancing,United Kingdom,BN15 2CD,#,#,#,Wiltshire,#,SN25 4GT,12025550187,12025550187,#,12025550187,#,user087@example.com,#,Mr                  derekrricketts@yahoo.co.uk,PV,I
GB,72707CA,S,R,19/06/2026,380,172.17,WF0DXXGAKDEU00088,201LS00088,#,G,Focus 2018,T2074210,Adrian Washington,"BN15 2EF Lancing, 989 Harvest Way",Mendoza,Adrian,#,#,#,989 Harvest Way,West Sussex,Lancing,United Kingdom,BN15 2EF,#,#,#,#,Leamington Spa,CV33 9SW,12025550188,12025550188,#,12025550188,#,#,#,Mr                  tristanwright81@gmail.com,PV,I
GB,47114CA,S,R,15/06/2026,380,321.67,WF0DXXGAKDEU00089,201LS00089,C,G,Focus 2015,140914,Genesis Butler,"BN15 2GH Lancing, 1001 Farm Lane",Ruiz,Genesis,#,#,#,1001 Farm Lane,West Sussex,Lancing,United Kingdom,BN15 2GH,#,#,#,#,#,#,12025550189,12025550189,#,12025550189,#,user089@example.com,#,Mr,PV,I
GB,84465AA,S,W,18/06/2026,380,61,WF0DXXGAKDEU00090,201LS00090,#,E,Transit 2020,NOACCOUNT#,Hunter Simmons,"BN15 2JK Lancing, 1013 Orchard Close",Hughes,Hunter,#,#,#,1013 Orchard Close,West Sussex,Lancing,United Kingdom,BN15 2JK,#,#,#,#,#,#,12025550190,12025550190,#,12025550190,#,user090@example.com,#,#,CV,I
GB,85795AA,S,R,16/06/2026,380,347.35,WF0DXXGAKDEU00091,201LS00091,C,G,Fiesta 2013,NOACCOUNT#,Sarah Foster,"BN15 2LM Lancing, 1025 Vineyard Road",Price,Sarah,#,#,#,1025 Vineyard Road,West Sussex,Lancing,United Kingdom,BN15 2LM,#,#,#,#,#,#,12025550191,12025550191,#,12025550191,#,user091@example.com,#,Mr,PV,I
GB,83883AA,S,R,19/06/2026,380,54.85,WF0DXXGAKDEU00092,201LS00092,#,#,Kuga 2021,T2180236,Cameron Gonzales,"BN15 2NP Lancing, 1037 Stable Drive",Alvarez,Cameron,#,#,#,1037 Stable Drive,West Sussex,Lancing,United Kingdom,BN15 2NP,#,#,#,#,Swindon,SN25 2JQ,12025550192,12025550192,#,12025550192,#,#,#,Mr                  bomber1268@gmail.com,PV,I
GB,43301BA,S,W,18/06/2026,380,118.13,WF0DXXGAKDEU00093,201LS00093,C,D,Galaxy 2015,T1807139,Madelyn Bryant,"BN15 2QR Lancing, 1049 Paddock Way",Castillo,Madelyn,#,#,#,1049 Paddock Way,West Sussex,Lancing,United Kingdom,BN15 2QR,#,#,#,#,Walsall,WS2 8LH,12025550193,12025550193,#,12025550193,#,user093@example.com,#,Company             tsa.department@babcockinternational.com,PV,I
GB,43301BA,S,R,17/06/2026,380,469.79,WF0DXXGAKDEU00094,201LS00094,C,G,Focus 2015,T1775791,Connor Alexander,"BN15 2ST Lancing, 1061 Mill Close",Sanders,Connor,#,#,#,1061 Mill Close,West Sussex,Lancing,United Kingdom,BN15 2ST,#,#,#,#,Slough,SL3 7NL,12025550194,12025550194,#,12025550194,#,user094@example.com,#,Mr                  shankom@gmail.com,PV,I
IE,51172,S,R,19/06/2026,380,1489.4,WF0DXXGAKDEU00095,201LS00095,C,D,V769 Transit Courier,/0047617,Alice Russell,"BN15 2UV Lancing, 1073 Bakers Lane",Patel,Alice,#,#,#,1073 Bakers Lane,West Sussex,Lancing,United Kingdom,BN15 2UV,#,#,#,#,#,#,12025550195,12025550195,#,12025550195,#,user095@example.com,#,#,CV,I
IE,51172,S,R,15/06/2026,380,72,WF0DXXGAKDEU00096,201LS00096,#,D,Kuga 2013,T0030562,Eli Griffin,"BN15 2WX Lancing, 1085 Coopers Road",Myers,Eli,#,#,#,1085 Coopers Road,West Sussex,Lancing,United Kingdom,BN15 2WX,#,#,#,Ballincollig,Cork,P31WP22,12025550196,12025550196,#,12025550196,#,user096@example.com,#,Ms                  eibhlisnis@gmail.com,PV,I
IE,51172,S,R,15/06/2026,380,221.67,WF0DXXGAKDEU00097,201LS00097,C,D,Transit Connect - V408,T0030516,Kennedy Diaz,"BN15 2YZ Lancing, 1097 Tanners Way",Long,Kennedy,#,#,#,1097 Tanners Way,West Sussex,Lancing,United Kingdom,BN15 2YZ,#,#,#,Cork,#,#,12025550197,12025550197,#,12025550197,#,#,#,Mr,CV,I
GB,43301BA,S,R,15/06/2026,380,186.39,WF0DXXGAKDEU00098,201LS00098,C,D,S-Max 2015,T1414483,Robert Hayes,"BN15 1AB Lancing, 1109 Weavers Close",Ross,Robert,#,#,#,1109 Weavers Close,West Sussex,Lancing,United Kingdom,BN15 1AB,#,#,#,#,Slough,SL2 1AG,12025550198,12025550198,#,12025550198,#,user098@example.com,#,Mr                  ivanalinford@aol.com,OV,I
GB,83556AA,S,R,15/06/2026,380,351.15,WF0DXXGAKDEU00099,201LS00099,T,D,TRANSIT CUSTOM,3605821,Ruby Myers,"BN15 1CD Lancing, 1121 Carpenters Lane",Foster,Ruby,#,#,#,1121 Carpenters Lane,West Sussex,Lancing,United Kingdom,BN15 1CD,#,#,#,#,#,#,12025550199,12025550199,#,12025550199,#,user099@example.com,#,Mr,OV,I
GB,83883AA,S,W,16/06/2026,380,65.68,WF0DXXGAKDEU00100,201LS00100,T,D,Transit 2020,T2180256,Robert Hayeston,"BN15 1EF Lancing, 1133 Smithy Road",Jimenez,#,#,#,#,1133 Smithy Road,West Sussex,Lancing,United Kingdom,BN15 1EF,#,#,#,40 High Street,Pewsey,SN9 5AQ,12025550200,12025550200,#,12025550200,#,user100@example.com,#,Mr                  dabeckuk@hotmail.com,CV,I
