i22_parts_alias,i22_iso_mktcd,i22_dealer_cd,i22_dlrname
,NLD,03787,Broekhuis Hilversum
,NLD,03787,Broekhuis Hilversum
,NLD,03787,Broekhuis Hilversum
,NLD,03787,Broekhuis Hilversum
,NLD,03787,Broekhuis Hilversum
,NLD,03787,Broekhuis Hilversum
,NLD,03787,Broekhuis Hilversum
,NLD,03787,Broekhuis Hilversum
,NLD,03787,Broekhuis Hilversum
,NLD,03787,Broekhuis Hilversum
,NLD,03787,Broekhuis Hilversum
,NLD,03787,Broekhuis Hilversum
,NLD,03787,Broekhuis Hilversum
,NLD,03787,Broekhuis Hilversum
,NLD,03787,Broekhuis Hilversum
,NLD,03787,Broekhuis Hilversum
,NLD,03787,Broekhuis Hilversum
,NLD,03787,Broekhuis Hilversum
,NLD,03787,Broekhuis Hilversum
,NLD,03787,Broekhuis Hilversum
,NLD,03787,Broekhuis Hilversum
,NLD,03787,Broekhuis Hilversum
,NLD,03787,Broekhuis Hilversum
,NLD,03787,Broekhuis Hilversum
,NLD,03787,Broekhuis Hilversum
,NLD,03787,Broekhuis Hilversum
,NLD,03787,Broekhuis Hilversum
,NLD,03787,Broekhuis Hilversum
,NLD,03787,Broekhuis Hilversum
,NLD,03787,Broekhuis Hilversum
,NLD,03787,Broekhuis Hilversum
,NLD,03787,Broekhuis Hilversum
,NLD,03787,Broekhuis Hilversum
,NLD,03787,Broekhuis Hilversum
,NLD,03787,Broekhuis Hilversum
,NLD,03787,Broekhuis Hilversum
,NLD,03787,Broekhuis Hilversum
,NLD,03787,Broekhuis Hilversum
,NLD,03787,Broekhuis Hilversum
,NLD,03787,Broekhuis Hilversum
,NLD,04295,Auto Smidts Assen B.V.
,NLD,04295,Auto Smidts Assen B.V.
,NLD,04295,Auto Smidts Assen B.V.
,NLD,04295,Auto Smidts Assen B.V.
,NLD,04295,Auto Smidts Assen B.V.
,NLD,04295,Auto Smidts Assen B.V.
,NLD,04295,Auto Smidts Assen B.V.
,NLD,04295,Auto Smidts Assen B.V.
,NLD,04295,Auto Smidts Assen B.V.
,NLD,04295,Auto Smidts Assen B.V.
,NLD,04295,Auto Smidts Assen B.V.
,NLD,04295,Auto Smidts Assen B.V.
,NLD,04295,Auto Smidts Assen B.V.
,NLD,04295,Auto Smidts Assen B.V.
,NLD,04295,Auto Smidts Assen B.V.
,NLD,04295,Auto Smidts Assen B.V.
,NLD,04295,Auto Smidts Assen B.V.
,NLD,04295,Auto Smidts Assen B.V.
,NLD,04295,Auto Smidts Assen B.V.
,NLD,04295,Auto Smidts Assen B.V.
,NLD,04295,Auto Smidts Assen B.V.
,NLD,04295,Auto Smidts Assen B.V.
,NLD,04295,Auto Smidts Assen B.V.
,NLD,04295,Auto Smidts Assen B.V.
,NLD,04295,Auto Smidts Assen B.V.
,NLD,04295,Auto Smidts Assen B.V.
,NLD,04295,Auto Smidts Assen B.V.
,NLD,04295,Auto Smidts Assen B.V.
,NLD,04295,Auto Smidts Assen B.V.
,NLD,04295,Auto Smidts Assen B.V.
,NLD,04295,Auto Smidts Assen B.V.
,NLD,04295,Auto Smidts Assen B.V.
,NLD,04295,Auto Smidts Assen B.V.
,NLD,04295,Auto Smidts Assen B.V.
,NLD,04295,Auto Smidts Assen B.V.
,NLD,04295,Auto Smidts Assen B.V.
,NLD,04295,Auto Smidts Assen B.V.
,NLD,04295,Auto Smidts Assen B.V.
,NLD,04295,Auto Smidts Assen B.V.
,NLD,04295,Auto Smidts Assen B.V.
,NLD,04692,Auto van der Burgh-Gorinchem
,NLD,04692,Auto van der Burgh-Gorinchem
,NLD,04692,Auto van der Burgh-Gorinchem
,NLD,04692,Auto van der Burgh-Gorinchem
,NLD,04692,Auto van der Burgh-Gorinchem
,NLD,04692,Auto van der Burgh-Gorinchem
,NLD,04692,Auto van der Burgh-Gorinchem
,NLD,04692,Auto van der Burgh-Gorinchem
,NLD,04692,Auto van der Burgh-Gorinchem
,NLD,04692,Auto van der Burgh-Gorinchem
,NLD,04692,Auto van der Burgh-Gorinchem
,NLD,04692,Auto van der Burgh-Gorinchem
,NLD,04692,Auto van der Burgh-Gorinchem
,NLD,04692,Auto van der Burgh-Gorinchem
,NLD,04692,Auto van der Burgh-Gorinchem
,NLD,04692,Auto van der Burgh-Gorinchem
,NLD,04692,Auto van der Burgh-Gorinchem
,NLD,04692,Auto van der Burgh-Gorinchem
,NLD,04692,Auto van der Burgh-Gorinchem
,NLD,04692,Auto van der Burgh-Gorinchem
,NLD,04692,Auto van der Burgh-Gorinchem
,NLD,04692,Auto van der Burgh-Gorinchem
,NLD,04692,Auto van der Burgh-Gorinchem
,NLD,04692,Auto van der Burgh-Gorinchem
,NLD,04692,Auto van der Burgh-Gorinchem
,NLD,04692,Auto van der Burgh-Gorinchem
,NLD,04692,Auto van der Burgh-Gorinchem
,NLD,04692,Auto van der Burgh-Gorinchem
,NLD,04692,Auto van der Burgh-Gorinchem
,NLD,04692,Auto van der Burgh-Gorinchem
,NLD,04692,Auto van der Burgh-Gorinchem
,NLD,04692,Auto van der Burgh-Gorinchem
,NLD,04692,Auto van der Burgh-Gorinchem
,NLD,04692,Auto van der Burgh-Gorinchem
,NLD,04692,Auto van der Burgh-Gorinchem
,NLD,04692,Auto van der Burgh-Gorinchem
,NLD,04692,Auto van der Burgh-Gorinchem
,NLD,04692,Auto van der Burgh-Gorinchem
,NLD,04692,Auto van der Burgh-Gorinchem
,NLD,04692,Auto van der Burgh-Gorinchem
,NLD,05190,Hedin Automotive Lijnden
,NLD,05190,Hedin Automotive Lijnden
,NLD,05190,Hedin Automotive Lijnden
,NLD,05190,Hedin Automotive Lijnden
,NLD,05190,Hedin Automotive Lijnden
,NLD,05190,Hedin Automotive Lijnden
,NLD,05190,Hedin Automotive Lijnden
,NLD,05190,Hedin Automotive Lijnden
,NLD,05190,Hedin Automotive Lijnden
,NLD,05190,Hedin Automotive Lijnden
,NLD,05190,Hedin Automotive Lijnden
,NLD,05190,Hedin Automotive Lijnden
,NLD,05190,Hedin Automotive Lijnden
,NLD,05190,Hedin Automotive Lijnden
,NLD,05190,Hedin Automotive Lijnden
,NLD,05190,Hedin Automotive Lijnden
,NLD,05190,Hedin Automotive Lijnden
,NLD,05190,Hedin Automotive Lijnden
,NLD,05190,Hedin Automotive Lijnden
,NLD,05190,Hedin Automotive Lijnden
,NLD,05190,Hedin Automotive Lijnden
,NLD,05190,Hedin Automotive Lijnden
,NLD,05190,Hedin Automotive Lijnden
,NLD,05190,Hedin Automotive Lijnden
,NLD,05190,Hedin Automotive Lijnden
,NLD,05190,Hedin Automotive Lijnden
,NLD,05190,Hedin Automotive Lijnden
,NLD,05190,Hedin Automotive Lijnden
,NLD,05190,Hedin Automotive Lijnden
,NLD,05190,Hedin Automotive Lijnden
,NLD,05190,Hedin Automotive Lijnden
,NLD,05190,Hedin Automotive Lijnden
,NLD,05190,Hedin Automotive Lijnden
,NLD,05190,Hedin Automotive Lijnden
,NLD,05190,Hedin Automotive Lijnden
,NLD,05190,Hedin Automotive Lijnden
,NLD,05190,Hedin Automotive Lijnden
,NLD,05190,Hedin Automotive Lijnden
,NLD,05190,Hedin Automotive Lijnden
,NLD,05190,Hedin Automotive Lijnden
,NLD,08480,Zeeuw & Zeeuw Alphen a/d Rijn
,NLD,08480,Zeeuw & Zeeuw Alphen a/d Rijn
,NLD,08480,Zeeuw & Zeeuw Alphen a/d Rijn
,NLD,08480,Zeeuw & Zeeuw Alphen a/d Rijn
,NLD,08480,Zeeuw & Zeeuw Alphen a/d Rijn
,NLD,08480,Zeeuw & Zeeuw Alphen a/d Rijn
,NLD,08480,Zeeuw & Zeeuw Alphen a/d Rijn
,NLD,08480,Zeeuw & Zeeuw Alphen a/d Rijn
,NLD,08480,Zeeuw & Zeeuw Alphen a/d Rijn
,NLD,08480,Zeeuw & Zeeuw Alphen a/d Rijn
,NLD,08480,Zeeuw & Zeeuw Alphen a/d Rijn
,NLD,08480,Zeeuw & Zeeuw Alphen a/d Rijn
,NLD,08480,Zeeuw & Zeeuw Alphen a/d Rijn
,NLD,08480,Zeeuw & Zeeuw Alphen a/d Rijn
,NLD,08480,Zeeuw & Zeeuw Alphen a/d Rijn
,NLD,08480,Zeeuw & Zeeuw Alphen a/d Rijn
,NLD,08480,Zeeuw & Zeeuw Alphen a/d Rijn
,NLD,08480,Zeeuw & Zeeuw Alphen a/d Rijn
,NLD,08480,Zeeuw & Zeeuw Alphen a/d Rijn
,NLD,08480,Zeeuw & Zeeuw Alphen a/d Rijn
,NLD,08480,Zeeuw & Zeeuw Alphen a/d Rijn
,NLD,08480,Zeeuw & Zeeuw Alphen a/d Rijn
,NLD,08480,Zeeuw & Zeeuw Alphen a/d Rijn
,NLD,08480,Zeeuw & Zeeuw Alphen a/d Rijn
,NLD,08480,Zeeuw & Zeeuw Alphen a/d Rijn
,NLD,08480,Zeeuw & Zeeuw Alphen a/d Rijn
,NLD,08480,Zeeuw & Zeeuw Alphen a/d Rijn
,NLD,08480,Zeeuw & Zeeuw Alphen a/d Rijn
,NLD,08480,Zeeuw & Zeeuw Alphen a/d Rijn
,NLD,08480,Zeeuw & Zeeuw Alphen a/d Rijn
,NLD,08480,Zeeuw & Zeeuw Alphen a/d Rijn
,NLD,08480,Zeeuw & Zeeuw Alphen a/d Rijn
,NLD,08480,Zeeuw & Zeeuw Alphen a/d Rijn
,NLD,08480,Zeeuw & Zeeuw Alphen a/d Rijn
,NLD,08480,Zeeuw & Zeeuw Alphen a/d Rijn
,NLD,08480,Zeeuw & Zeeuw Alphen a/d Rijn
,NLD,08480,Zeeuw & Zeeuw Alphen a/d Rijn
,NLD,08480,Zeeuw & Zeeuw Alphen a/d Rijn
,NLD,08480,Zeeuw & Zeeuw Alphen a/d Rijn
,NLD,08480,Zeeuw & Zeeuw Alphen a/d Rijn
,NLD,08481,Zeeuw & Zeeuw Gouda
,NLD,08481,Zeeuw & Zeeuw Gouda
,NLD,08481,Zeeuw & Zeeuw Gouda
,NLD,08481,Zeeuw & Zeeuw Gouda
,NLD,08481,Zeeuw & Zeeuw Gouda
,NLD,08481,Zeeuw & Zeeuw Gouda
,NLD,08481,Zeeuw & Zeeuw Gouda
,NLD,08481,Zeeuw & Zeeuw Gouda
,NLD,08481,Zeeuw & Zeeuw Gouda
,NLD,08481,Zeeuw & Zeeuw Gouda
,NLD,08481,Zeeuw & Zeeuw Gouda
,NLD,08481,Zeeuw & Zeeuw Gouda
,NLD,08481,Zeeuw & Zeeuw Gouda
,NLD,08481,Zeeuw & Zeeuw Gouda
,NLD,08481,Zeeuw & Zeeuw Gouda
,NLD,08481,Zeeuw & Zeeuw Gouda
,NLD,08481,Zeeuw & Zeeuw Gouda
,NLD,08481,Zeeuw & Zeeuw Gouda
,NLD,08481,Zeeuw & Zeeuw Gouda
,NLD,08481,Zeeuw & Zeeuw Gouda
,NLD,08481,Zeeuw & Zeeuw Gouda
,NLD,08481,Zeeuw & Zeeuw Gouda
,NLD,08481,Zeeuw & Zeeuw Gouda
,NLD,08481,Zeeuw & Zeeuw Gouda
,NLD,08481,Zeeuw & Zeeuw Gouda
,NLD,08481,Zeeuw & Zeeuw Gouda
,NLD,08481,Zeeuw & Zeeuw Gouda
,NLD,08481,Zeeuw & Zeeuw Gouda
,NLD,08481,Zeeuw & Zeeuw Gouda
,NLD,08481,Zeeuw & Zeeuw Gouda
,NLD,08481,Zeeuw & Zeeuw Gouda
,NLD,08481,Zeeuw & Zeeuw Gouda
,NLD,08481,Zeeuw & Zeeuw Gouda
,NLD,08481,Zeeuw & Zeeuw Gouda
,NLD,08481,Zeeuw & Zeeuw Gouda
,NLD,08481,Zeeuw & Zeeuw Gouda
,NLD,08481,Zeeuw & Zeeuw Gouda
,NLD,08481,Zeeuw & Zeeuw Gouda
,NLD,08481,Zeeuw & Zeeuw Gouda
,NLD,08481,Zeeuw & Zeeuw Gouda
,NLD,08482,Zeeuw & Zeeuw Leiderdorp
,NLD,08482,Zeeuw & Zeeuw Leiderdorp
,NLD,08482,Zeeuw & Zeeuw Leiderdorp
,NLD,08482,Zeeuw & Zeeuw Leiderdorp
,NLD,08482,Zeeuw & Zeeuw Leiderdorp
,NLD,08482,Zeeuw & Zeeuw Leiderdorp
,NLD,08482,Zeeuw & Zeeuw Leiderdorp
,NLD,08482,Zeeuw & Zeeuw Leiderdorp
,NLD,08482,Zeeuw & Zeeuw Leiderdorp
,NLD,08482,Zeeuw & Zeeuw Leiderdorp
,NLD,08482,Zeeuw & Zeeuw Leiderdorp
,NLD,08482,Zeeuw & Zeeuw Leiderdorp
,NLD,08482,Zeeuw & Zeeuw Leiderdorp
,NLD,08482,Zeeuw & Zeeuw Leiderdorp
,NLD,08482,Zeeuw & Zeeuw Leiderdorp
,NLD,08482,Zeeuw & Zeeuw Leiderdorp
,NLD,08482,Zeeuw & Zeeuw Leiderdorp
,NLD,08482,Zeeuw & Zeeuw Leiderdorp
,NLD,08482,Zeeuw & Zeeuw Leiderdorp
,NLD,08482,Zeeuw & Zeeuw Leiderdorp
,NLD,08482,Zeeuw & Zeeuw Leiderdorp
,NLD,08482,Zeeuw & Zeeuw Leiderdorp
,NLD,08482,Zeeuw & Zeeuw Leiderdorp
,NLD,08482,Zeeuw & Zeeuw Leiderdorp
,NLD,08482,Zeeuw & Zeeuw Leiderdorp
,NLD,08482,Zeeuw & Zeeuw Leiderdorp
,NLD,08482,Zeeuw & Zeeuw Leiderdorp
,NLD,08482,Zeeuw & Zeeuw Leiderdorp
,NLD,08482,Zeeuw & Zeeuw Leiderdorp
,NLD,08482,Zeeuw & Zeeuw Leiderdorp
,NLD,08482,Zeeuw & Zeeuw Leiderdorp
,NLD,08482,Zeeuw & Zeeuw Leiderdorp
,NLD,08482,Zeeuw & Zeeuw Leiderdorp
,NLD,08482,Zeeuw & Zeeuw Leiderdorp
,NLD,08482,Zeeuw & Zeeuw Leiderdorp
,NLD,08482,Zeeuw & Zeeuw Leiderdorp
,NLD,08482,Zeeuw & Zeeuw Leiderdorp
,NLD,08482,Zeeuw & Zeeuw Leiderdorp
,NLD,08482,Zeeuw & Zeeuw Leiderdorp
,NLD,08482,Zeeuw & Zeeuw Leiderdorp
,NLD,08499,Zeeuw & Zeeuw Houten
,NLD,08499,Zeeuw & Zeeuw Houten
,NLD,08499,Zeeuw & Zeeuw Houten
,NLD,08499,Zeeuw & Zeeuw Houten
,NLD,08499,Zeeuw & Zeeuw Houten
,NLD,08499,Zeeuw & Zeeuw Houten
,NLD,08499,Zeeuw & Zeeuw Houten
,NLD,08499,Zeeuw & Zeeuw Houten
,NLD,08499,Zeeuw & Zeeuw Houten
,NLD,08499,Zeeuw & Zeeuw Houten
,NLD,08499,Zeeuw & Zeeuw Houten
,NLD,08499,Zeeuw & Zeeuw Houten
,NLD,08499,Zeeuw & Zeeuw Houten
,NLD,08499,Zeeuw & Zeeuw Houten
,NLD,08499,Zeeuw & Zeeuw Houten
,NLD,08499,Zeeuw & Zeeuw Houten
,NLD,08499,Zeeuw & Zeeuw Houten
,NLD,08499,Zeeuw & Zeeuw Houten
,NLD,08499,Zeeuw & Zeeuw Houten
,NLD,08499,Zeeuw & Zeeuw Houten
,NLD,08499,Zeeuw & Zeeuw Houten
,NLD,08499,Zeeuw & Zeeuw Houten
,NLD,08499,Zeeuw & Zeeuw Houten
,NLD,08499,Zeeuw & Zeeuw Houten
,NLD,08499,Zeeuw & Zeeuw Houten
,NLD,08499,Zeeuw & Zeeuw Houten
,NLD,08499,Zeeuw & Zeeuw Houten
,NLD,08499,Zeeuw & Zeeuw Houten
,NLD,08499,Zeeuw & Zeeuw Houten
,NLD,08499,Zeeuw & Zeeuw Houten
,NLD,08499,Zeeuw & Zeeuw Houten
,NLD,08499,Zeeuw & Zeeuw Houten
,NLD,08499,Zeeuw & Zeeuw Houten
,NLD,08499,Zeeuw & Zeeuw Houten
,NLD,08499,Zeeuw & Zeeuw Houten
,NLD,08499,Zeeuw & Zeeuw Houten
,NLD,08499,Zeeuw & Zeeuw Houten
,NLD,08499,Zeeuw & Zeeuw Houten
,NLD,08499,Zeeuw & Zeeuw Houten
,NLD,08499,Zeeuw & Zeeuw Houten
,NLD,11190,Gerritse Oss
,NLD,11190,Gerritse Oss
,NLD,11190,Gerritse Oss
,NLD,11190,Gerritse Oss
,NLD,11190,Gerritse Oss
,NLD,11190,Gerritse Oss
,NLD,11190,Gerritse Oss
,NLD,11190,Gerritse Oss
,NLD,11190,Gerritse Oss
,NLD,11190,Gerritse Oss
,NLD,11190,Gerritse Oss
,NLD,11190,Gerritse Oss
,NLD,11190,Gerritse Oss
,NLD,11190,Gerritse Oss
,NLD,11190,Gerritse Oss
,NLD,11190,Gerritse Oss
,NLD,11190,Gerritse Oss
,NLD,11190,Gerritse Oss
,NLD,11190,Gerritse Oss
,NLD,11190,Gerritse Oss
,NLD,11190,Gerritse Oss
,NLD,11190,Gerritse Oss
,NLD,11190,Gerritse Oss
,NLD,11190,Gerritse Oss
,NLD,11190,Gerritse Oss
,NLD,11190,Gerritse Oss
,NLD,11190,Gerritse Oss
,NLD,11190,Gerritse Oss
,NLD,11190,Gerritse Oss
,NLD,11190,Gerritse Oss
,NLD,11190,Gerritse Oss
,NLD,11190,Gerritse Oss
,NLD,11190,Gerritse Oss
,NLD,11190,Gerritse Oss
,NLD,11190,Gerritse Oss
,NLD,11190,Gerritse Oss
,NLD,11190,Gerritse Oss
,NLD,11190,Gerritse Oss
,NLD,11190,Gerritse Oss
,NLD,11190,Gerritse Oss
,NLD,11191,Gerritse Culemborg
,NLD,11191,Gerritse Culemborg
,NLD,11191,Gerritse Culemborg
,NLD,11191,Gerritse Culemborg
,NLD,11191,Gerritse Culemborg
,NLD,11191,Gerritse Culemborg
,NLD,11191,Gerritse Culemborg
,NLD,11191,Gerritse Culemborg
,NLD,11191,Gerritse Culemborg
,NLD,11191,Gerritse Culemborg
,NLD,11191,Gerritse Culemborg
,NLD,11191,Gerritse Culemborg
,NLD,11191,Gerritse Culemborg
,NLD,11191,Gerritse Culemborg
,NLD,11191,Gerritse Culemborg
,NLD,11191,Gerritse Culemborg
,NLD,11191,Gerritse Culemborg
,NLD,11191,Gerritse Culemborg
,NLD,11191,Gerritse Culemborg
,NLD,11191,Gerritse Culemborg
,NLD,11191,Gerritse Culemborg
,NLD,11191,Gerritse Culemborg
,NLD,11191,Gerritse Culemborg
,NLD,11191,Gerritse Culemborg
,NLD,11191,Gerritse Culemborg
,NLD,11191,Gerritse Culemborg
,NLD,11191,Gerritse Culemborg
,NLD,11191,Gerritse Culemborg
,NLD,11191,Gerritse Culemborg
,NLD,11191,Gerritse Culemborg
,NLD,11191,Gerritse Culemborg
,NLD,11191,Gerritse Culemborg
,NLD,11191,Gerritse Culemborg
,NLD,11191,Gerritse Culemborg
,NLD,11191,Gerritse Culemborg
,NLD,11191,Gerritse Culemborg
,NLD,11191,Gerritse Culemborg
,NLD,11191,Gerritse Culemborg
,NLD,11191,Gerritse Culemborg
,NLD,11191,Gerritse Culemborg
01205,NLD,01205,Van Leussen Ommen B.V.
01205,NLD,01205,Van Leussen Ommen B.V.
01205,NLD,01205,Van Leussen Ommen B.V.
01205,NLD,01205,Van Leussen Ommen B.V.
01205,NLD,01205,Van Leussen Ommen B.V.
01205,NLD,01205,Van Leussen Ommen B.V.
01205,NLD,01205,Van Leussen Ommen B.V.
01205,NLD,01205,Van Leussen Ommen B.V.
01205,NLD,01205,Van Leussen Ommen B.V.
01205,NLD,01205,Van Leussen Ommen B.V.
01205,NLD,01205,Van Leussen Ommen B.V.
01205,NLD,01205,Van Leussen Ommen B.V.
01205,NLD,01205,Van Leussen Ommen B.V.
01205,NLD,01205,Van Leussen Ommen B.V.
01205,NLD,01205,Van Leussen Ommen B.V.
01205,NLD,01205,Van Leussen Ommen B.V.
01205,NLD,01205,Van Leussen Ommen B.V.
01205,NLD,01205,Van Leussen Ommen B.V.
01205,NLD,01205,Van Leussen Ommen B.V.
01205,NLD,01205,Van Leussen Ommen B.V.
01205,NLD,01205,Van Leussen Ommen B.V.
01205,NLD,01205,Van Leussen Ommen B.V.
01205,NLD,01205,Van Leussen Ommen B.V.
01205,NLD,01205,Van Leussen Ommen B.V.
01205,NLD,01205,Van Leussen Ommen B.V.
01205,NLD,01205,Van Leussen Ommen B.V.
01205,NLD,01205,Van Leussen Ommen B.V.
01205,NLD,01205,Van Leussen Ommen B.V.
01205,NLD,01205,Van Leussen Ommen B.V.
01205,NLD,01205,Van Leussen Ommen B.V.
01205,NLD,01205,Van Leussen Ommen B.V.
01205,NLD,01205,Van Leussen Ommen B.V.
01205,NLD,01205,Van Leussen Ommen B.V.
01205,NLD,01205,Van Leussen Ommen B.V.
01205,NLD,01205,Van Leussen Ommen B.V.
01205,NLD,01205,Van Leussen Ommen B.V.
01205,NLD,01205,Van Leussen Ommen B.V.
01205,NLD,01205,Van Leussen Ommen B.V.
01205,NLD,01205,Van Leussen Ommen B.V.
01205,NLD,01205,Van Leussen Ommen B.V.
01206,NLD,01206,Auto Zutphen B.V.
01206,NLD,01206,Auto Zutphen B.V.
01206,NLD,01206,Auto Zutphen B.V.
01206,NLD,01206,Auto Zutphen B.V.
01206,NLD,01206,Auto Zutphen B.V.
01206,NLD,01206,Auto Zutphen B.V.
01206,NLD,01206,Auto Zutphen B.V.
01206,NLD,01206,Auto Zutphen B.V.
01206,NLD,01206,Auto Zutphen B.V.
01206,NLD,01206,Auto Zutphen B.V.
01206,NLD,01206,Auto Zutphen B.V.
01206,NLD,01206,Auto Zutphen B.V.
01206,NLD,01206,Auto Zutphen B.V.
01206,NLD,01206,Auto Zutphen B.V.
01206,NLD,01206,Auto Zutphen B.V.
01206,NLD,01206,Auto Zutphen B.V.
01206,NLD,01206,Auto Zutphen B.V.
01206,NLD,01206,Auto Zutphen B.V.
01206,NLD,01206,Auto Zutphen B.V.
01206,NLD,01206,Auto Zutphen B.V.
01206,NLD,01206,Auto Zutphen B.V.
01206,NLD,01206,Auto Zutphen B.V.
01206,NLD,01206,Auto Zutphen B.V.
01206,NLD,01206,Auto Zutphen B.V.
01206,NLD,01206,Auto Zutphen B.V.
01206,NLD,01206,Auto Zutphen B.V.
01206,NLD,01206,Auto Zutphen B.V.
01206,NLD,01206,Auto Zutphen B.V.
01206,NLD,01206,Auto Zutphen B.V.
01206,NLD,01206,Auto Zutphen B.V.
01206,NLD,01206,Auto Zutphen B.V.
01206,NLD,01206,Auto Zutphen B.V.
01206,NLD,01206,Auto Zutphen B.V.
01206,NLD,01206,Auto Zutphen B.V.
01206,NLD,01206,Auto Zutphen B.V.
01206,NLD,01206,Auto Zutphen B.V.
01206,NLD,01206,Auto Zutphen B.V.
01206,NLD,01206,Auto Zutphen B.V.
01206,NLD,01206,Auto Zutphen B.V.
01206,NLD,01206,Auto Zutphen B.V.
01207,NLD,01207,Autobedrijf Ozinga Lemmer
01207,NLD,01207,Autobedrijf Ozinga Lemmer
01207,NLD,01207,Autobedrijf Ozinga Lemmer
01207,NLD,01207,Autobedrijf Ozinga Lemmer
01207,NLD,01207,Autobedrijf Ozinga Lemmer
01207,NLD,01207,Autobedrijf Ozinga Lemmer
01207,NLD,01207,Autobedrijf Ozinga Lemmer
01207,NLD,01207,Autobedrijf Ozinga Lemmer
01207,NLD,01207,Autobedrijf Ozinga Lemmer
01207,NLD,01207,Autobedrijf Ozinga Lemmer
01207,NLD,01207,Autobedrijf Ozinga Lemmer
01207,NLD,01207,Autobedrijf Ozinga Lemmer
01207,NLD,01207,Autobedrijf Ozinga Lemmer
01207,NLD,01207,Autobedrijf Ozinga Lemmer
01207,NLD,01207,Autobedrijf Ozinga Lemmer
01207,NLD,01207,Autobedrijf Ozinga Lemmer
01207,NLD,01207,Autobedrijf Ozinga Lemmer
01207,NLD,01207,Autobedrijf Ozinga Lemmer
01207,NLD,01207,Autobedrijf Ozinga Lemmer
01207,NLD,01207,Autobedrijf Ozinga Lemmer
01207,NLD,01207,Autobedrijf Ozinga Lemmer
01207,NLD,01207,Autobedrijf Ozinga Lemmer
01207,NLD,01207,Autobedrijf Ozinga Lemmer
01207,NLD,01207,Autobedrijf Ozinga Lemmer
01207,NLD,01207,Autobedrijf Ozinga Lemmer
01207,NLD,01207,Autobedrijf Ozinga Lemmer
01207,NLD,01207,Autobedrijf Ozinga Lemmer
01207,NLD,01207,Autobedrijf Ozinga Lemmer
01207,NLD,01207,Autobedrijf Ozinga Lemmer
01207,NLD,01207,Autobedrijf Ozinga Lemmer
01207,NLD,01207,Autobedrijf Ozinga Lemmer
01207,NLD,01207,Autobedrijf Ozinga Lemmer
01207,NLD,01207,Autobedrijf Ozinga Lemmer
01207,NLD,01207,Autobedrijf Ozinga Lemmer
01207,NLD,01207,Autobedrijf Ozinga Lemmer
01207,NLD,01207,Autobedrijf Ozinga Lemmer
01207,NLD,01207,Autobedrijf Ozinga Lemmer
01207,NLD,01207,Autobedrijf Ozinga Lemmer
01207,NLD,01207,Autobedrijf Ozinga Lemmer
01207,NLD,01207,Autobedrijf Ozinga Lemmer
,NLD,01280,Wensink Emmeloord
,NLD,01280,Wensink Emmeloord
,NLD,01280,Wensink Emmeloord
,NLD,01280,Wensink Emmeloord
,NLD,01280,Wensink Emmeloord
,NLD,01280,Wensink Emmeloord
,NLD,01280,Wensink Emmeloord
,NLD,01280,Wensink Emmeloord
,NLD,01280,Wensink Emmeloord
,NLD,01280,Wensink Emmeloord
,NLD,01280,Wensink Emmeloord
,NLD,01280,Wensink Emmeloord
,NLD,01280,Wensink Emmeloord
,NLD,01280,Wensink Emmeloord
,NLD,01280,Wensink Emmeloord
,NLD,01280,Wensink Emmeloord
,NLD,01280,Wensink Emmeloord
,NLD,01280,Wensink Emmeloord
,NLD,01280,Wensink Emmeloord
,NLD,01280,Wensink Emmeloord
,NLD,01280,Wensink Emmeloord
,NLD,01280,Wensink Emmeloord
,NLD,01280,Wensink Emmeloord
,NLD,01280,Wensink Emmeloord
,NLD,01280,Wensink Emmeloord
,NLD,01280,Wensink Emmeloord
,NLD,01280,Wensink Emmeloord
,NLD,01280,Wensink Emmeloord
,NLD,01280,Wensink Emmeloord
,NLD,01280,Wensink Emmeloord
,NLD,01280,Wensink Emmeloord
,NLD,01280,Wensink Emmeloord
,NLD,01280,Wensink Emmeloord
,NLD,01280,Wensink Emmeloord
,NLD,01280,Wensink Emmeloord
,NLD,01280,Wensink Emmeloord
,NLD,01280,Wensink Emmeloord
,NLD,01280,Wensink Emmeloord
,NLD,01280,Wensink Emmeloord
,NLD,01280,Wensink Emmeloord
01283,NLD,01283,Wensink Deventer
01283,NLD,01283,Wensink Deventer
01283,NLD,01283,Wensink Deventer
01283,NLD,01283,Wensink Deventer
01283,NLD,01283,Wensink Deventer
01283,NLD,01283,Wensink Deventer
01283,NLD,01283,Wensink Deventer
01283,NLD,01283,Wensink Deventer
01283,NLD,01283,Wensink Deventer
01283,NLD,01283,Wensink Deventer
01283,NLD,01283,Wensink Deventer
01283,NLD,01283,Wensink Deventer
01283,NLD,01283,Wensink Deventer
01283,NLD,01283,Wensink Deventer
01283,NLD,01283,Wensink Deventer
01283,NLD,01283,Wensink Deventer
01283,NLD,01283,Wensink Deventer
01283,NLD,01283,Wensink Deventer
01283,NLD,01283,Wensink Deventer
01283,NLD,01283,Wensink Deventer
01283,NLD,01283,Wensink Deventer
01283,NLD,01283,Wensink Deventer
01283,NLD,01283,Wensink Deventer
01283,NLD,01283,Wensink Deventer
01283,NLD,01283,Wensink Deventer
01283,NLD,01283,Wensink Deventer
01283,NLD,01283,Wensink Deventer
01283,NLD,01283,Wensink Deventer
01283,NLD,01283,Wensink Deventer
01283,NLD,01283,Wensink Deventer
01283,NLD,01283,Wensink Deventer
01283,NLD,01283,Wensink Deventer
01283,NLD,01283,Wensink Deventer
01283,NLD,01283,Wensink Deventer
01283,NLD,01283,Wensink Deventer
01283,NLD,01283,Wensink Deventer
01283,NLD,01283,Wensink Deventer
01283,NLD,01283,Wensink Deventer
01283,NLD,01283,Wensink Deventer
01283,NLD,01283,Wensink Deventer
,NLD,01289,Wensink Lelystad
,NLD,01289,Wensink Lelystad
,NLD,01289,Wensink Lelystad
,NLD,01289,Wensink Lelystad
,NLD,01289,Wensink Lelystad
,NLD,01289,Wensink Lelystad
,NLD,01289,Wensink Lelystad
,NLD,01289,Wensink Lelystad
,NLD,01289,Wensink Lelystad
,NLD,01289,Wensink Lelystad
,NLD,01289,Wensink Lelystad
,NLD,01289,Wensink Lelystad
,NLD,01289,Wensink Lelystad
,NLD,01289,Wensink Lelystad
,NLD,01289,Wensink Lelystad
,NLD,01289,Wensink Lelystad
,NLD,01289,Wensink Lelystad
,NLD,01289,Wensink Lelystad
,NLD,01289,Wensink Lelystad
,NLD,01289,Wensink Lelystad
,NLD,01289,Wensink Lelystad
,NLD,01289,Wensink Lelystad
,NLD,01289,Wensink Lelystad
,NLD,01289,Wensink Lelystad
,NLD,01289,Wensink Lelystad
,NLD,01289,Wensink Lelystad
,NLD,01289,Wensink Lelystad
,NLD,01289,Wensink Lelystad
,NLD,01289,Wensink Lelystad
,NLD,01289,Wensink Lelystad
,NLD,01289,Wensink Lelystad
,NLD,01289,Wensink Lelystad
,NLD,01289,Wensink Lelystad
,NLD,01289,Wensink Lelystad
,NLD,01289,Wensink Lelystad
,NLD,01289,Wensink Lelystad
,NLD,01289,Wensink Lelystad
,NLD,01289,Wensink Lelystad
,NLD,01289,Wensink Lelystad
,NLD,01289,Wensink Lelystad
01294,NLD,01294,Wensink Elst
01294,NLD,01294,Wensink Elst
01294,NLD,01294,Wensink Elst
01294,NLD,01294,Wensink Elst
01294,NLD,01294,Wensink Elst
01294,NLD,01294,Wensink Elst
01294,NLD,01294,Wensink Elst
01294,NLD,01294,Wensink Elst
01294,NLD,01294,Wensink Elst
01294,NLD,01294,Wensink Elst
01294,NLD,01294,Wensink Elst
01294,NLD,01294,Wensink Elst
01294,NLD,01294,Wensink Elst
01294,NLD,01294,Wensink Elst
01294,NLD,01294,Wensink Elst
01294,NLD,01294,Wensink Elst
01294,NLD,01294,Wensink Elst
01294,NLD,01294,Wensink Elst
01294,NLD,01294,Wensink Elst
01294,NLD,01294,Wensink Elst
01294,NLD,01294,Wensink Elst
01294,NLD,01294,Wensink Elst
01294,NLD,01294,Wensink Elst
01294,NLD,01294,Wensink Elst
01294,NLD,01294,Wensink Elst
01294,NLD,01294,Wensink Elst
01294,NLD,01294,Wensink Elst
01294,NLD,01294,Wensink Elst
01294,NLD,01294,Wensink Elst
01294,NLD,01294,Wensink Elst
01294,NLD,01294,Wensink Elst
01294,NLD,01294,Wensink Elst
01294,NLD,01294,Wensink Elst
01294,NLD,01294,Wensink Elst
01294,NLD,01294,Wensink Elst
01294,NLD,01294,Wensink Elst
01294,NLD,01294,Wensink Elst
01294,NLD,01294,Wensink Elst
01294,NLD,01294,Wensink Elst
01294,NLD,01294,Wensink Elst
02600,NLD,02600,Autobedrijf Iriks B.V.
02600,NLD,02600,Autobedrijf Iriks B.V.
02600,NLD,02600,Autobedrijf Iriks B.V.
02600,NLD,02600,Autobedrijf Iriks B.V.
02600,NLD,02600,Autobedrijf Iriks B.V.
02600,NLD,02600,Autobedrijf Iriks B.V.
02600,NLD,02600,Autobedrijf Iriks B.V.
02600,NLD,02600,Autobedrijf Iriks B.V.
02600,NLD,02600,Autobedrijf Iriks B.V.
02600,NLD,02600,Autobedrijf Iriks B.V.
02600,NLD,02600,Autobedrijf Iriks B.V.
02600,NLD,02600,Autobedrijf Iriks B.V.
02600,NLD,02600,Autobedrijf Iriks B.V.
02600,NLD,02600,Autobedrijf Iriks B.V.
02600,NLD,02600,Autobedrijf Iriks B.V.
02600,NLD,02600,Autobedrijf Iriks B.V.
02600,NLD,02600,Autobedrijf Iriks B.V.
02600,NLD,02600,Autobedrijf Iriks B.V.
02600,NLD,02600,Autobedrijf Iriks B.V.
02600,NLD,02600,Autobedrijf Iriks B.V.
02600,NLD,02600,Autobedrijf Iriks B.V.
02600,NLD,02600,Autobedrijf Iriks B.V.
02600,NLD,02600,Autobedrijf Iriks B.V.
02600,NLD,02600,Autobedrijf Iriks B.V.
02600,NLD,02600,Autobedrijf Iriks B.V.
02600,NLD,02600,Autobedrijf Iriks B.V.
02600,NLD,02600,Autobedrijf Iriks B.V.
02600,NLD,02600,Autobedrijf Iriks B.V.
02600,NLD,02600,Autobedrijf Iriks B.V.
02600,NLD,02600,Autobedrijf Iriks B.V.
02600,NLD,02600,Autobedrijf Iriks B.V.
02600,NLD,02600,Autobedrijf Iriks B.V.
02600,NLD,02600,Autobedrijf Iriks B.V.
02600,NLD,02600,Autobedrijf Iriks B.V.
02600,NLD,02600,Autobedrijf Iriks B.V.
02600,NLD,02600,Autobedrijf Iriks B.V.
02600,NLD,02600,Autobedrijf Iriks B.V.
02600,NLD,02600,Autobedrijf Iriks B.V.
02600,NLD,02600,Autobedrijf Iriks B.V.
02600,NLD,02600,Autobedrijf Iriks B.V.
02701,NLD,02701,Auto Oostdijk
02701,NLD,02701,Auto Oostdijk
02701,NLD,02701,Auto Oostdijk
02701,NLD,02701,Auto Oostdijk
02701,NLD,02701,Auto Oostdijk
02701,NLD,02701,Auto Oostdijk
02701,NLD,02701,Auto Oostdijk
02701,NLD,02701,Auto Oostdijk
02701,NLD,02701,Auto Oostdijk
02701,NLD,02701,Auto Oostdijk
02701,NLD,02701,Auto Oostdijk
02701,NLD,02701,Auto Oostdijk
02701,NLD,02701,Auto Oostdijk
02701,NLD,02701,Auto Oostdijk
02701,NLD,02701,Auto Oostdijk
02701,NLD,02701,Auto Oostdijk
02701,NLD,02701,Auto Oostdijk
02701,NLD,02701,Auto Oostdijk
02701,NLD,02701,Auto Oostdijk
02701,NLD,02701,Auto Oostdijk
02701,NLD,02701,Auto Oostdijk
02701,NLD,02701,Auto Oostdijk
02701,NLD,02701,Auto Oostdijk
02701,NLD,02701,Auto Oostdijk
02701,NLD,02701,Auto Oostdijk
02701,NLD,02701,Auto Oostdijk
02701,NLD,02701,Auto Oostdijk
02701,NLD,02701,Auto Oostdijk
02701,NLD,02701,Auto Oostdijk
02701,NLD,02701,Auto Oostdijk
02701,NLD,02701,Auto Oostdijk
02701,NLD,02701,Auto Oostdijk
02701,NLD,02701,Auto Oostdijk
02701,NLD,02701,Auto Oostdijk
02701,NLD,02701,Auto Oostdijk
02701,NLD,02701,Auto Oostdijk
02701,NLD,02701,Auto Oostdijk
02701,NLD,02701,Auto Oostdijk
02701,NLD,02701,Auto Oostdijk
02701,NLD,02701,Auto Oostdijk
02803,NLD,02803,Garage Wilp V.O.F.
02803,NLD,02803,Garage Wilp V.O.F.
02803,NLD,02803,Garage Wilp V.O.F.
02803,NLD,02803,Garage Wilp V.O.F.
02803,NLD,02803,Garage Wilp V.O.F.
02803,NLD,02803,Garage Wilp V.O.F.
02803,NLD,02803,Garage Wilp V.O.F.
02803,NLD,02803,Garage Wilp V.O.F.
02803,NLD,02803,Garage Wilp V.O.F.
02803,NLD,02803,Garage Wilp V.O.F.
02803,NLD,02803,Garage Wilp V.O.F.
02803,NLD,02803,Garage Wilp V.O.F.
02803,NLD,02803,Garage Wilp V.O.F.
02803,NLD,02803,Garage Wilp V.O.F.
02803,NLD,02803,Garage Wilp V.O.F.
02803,NLD,02803,Garage Wilp V.O.F.
02803,NLD,02803,Garage Wilp V.O.F.
02803,NLD,02803,Garage Wilp V.O.F.
02803,NLD,02803,Garage Wilp V.O.F.
02803,NLD,02803,Garage Wilp V.O.F.
02803,NLD,02803,Garage Wilp V.O.F.
02803,NLD,02803,Garage Wilp V.O.F.
02803,NLD,02803,Garage Wilp V.O.F.
02803,NLD,02803,Garage Wilp V.O.F.
02803,NLD,02803,Garage Wilp V.O.F.
02803,NLD,02803,Garage Wilp V.O.F.
02803,NLD,02803,Garage Wilp V.O.F.
02803,NLD,02803,Garage Wilp V.O.F.
02803,NLD,02803,Garage Wilp V.O.F.
02803,NLD,02803,Garage Wilp V.O.F.
02803,NLD,02803,Garage Wilp V.O.F.
02803,NLD,02803,Garage Wilp V.O.F.
02803,NLD,02803,Garage Wilp V.O.F.
02803,NLD,02803,Garage Wilp V.O.F.
02803,NLD,02803,Garage Wilp V.O.F.
02803,NLD,02803,Garage Wilp V.O.F.
02803,NLD,02803,Garage Wilp V.O.F.
02803,NLD,02803,Garage Wilp V.O.F.
02803,NLD,02803,Garage Wilp V.O.F.
02803,NLD,02803,Garage Wilp V.O.F.
,NLD,03590,Misker Stadskanaal
,NLD,03590,Misker Stadskanaal
,NLD,03590,Misker Stadskanaal
,NLD,03590,Misker Stadskanaal
,NLD,03590,Misker Stadskanaal
,NLD,03590,Misker Stadskanaal
,NLD,03590,Misker Stadskanaal
,NLD,03590,Misker Stadskanaal
,NLD,03590,Misker Stadskanaal
,NLD,03590,Misker Stadskanaal
,NLD,03590,Misker Stadskanaal
,NLD,03590,Misker Stadskanaal
,NLD,03590,Misker Stadskanaal
,NLD,03590,Misker Stadskanaal
,NLD,03590,Misker Stadskanaal
,NLD,03590,Misker Stadskanaal
,NLD,03590,Misker Stadskanaal
,NLD,03590,Misker Stadskanaal
,NLD,03590,Misker Stadskanaal
,NLD,03590,Misker Stadskanaal
,NLD,03590,Misker Stadskanaal
,NLD,03590,Misker Stadskanaal
,NLD,03590,Misker Stadskanaal
,NLD,03590,Misker Stadskanaal
,NLD,03590,Misker Stadskanaal
,NLD,03590,Misker Stadskanaal
,NLD,03590,Misker Stadskanaal
,NLD,03590,Misker Stadskanaal
,NLD,03590,Misker Stadskanaal
,NLD,03590,Misker Stadskanaal
,NLD,03590,Misker Stadskanaal
,NLD,03590,Misker Stadskanaal
,NLD,03590,Misker Stadskanaal
,NLD,03590,Misker Stadskanaal
,NLD,03590,Misker Stadskanaal
,NLD,03590,Misker Stadskanaal
,NLD,03590,Misker Stadskanaal
,NLD,03590,Misker Stadskanaal
,NLD,03590,Misker Stadskanaal
,NLD,03590,Misker Stadskanaal
,NLD,03591,Misker Hardenberg
,NLD,03591,Misker Hardenberg
,NLD,03591,Misker Hardenberg
,NLD,03591,Misker Hardenberg
,NLD,03591,Misker Hardenberg
,NLD,03591,Misker Hardenberg
,NLD,03591,Misker Hardenberg
,NLD,03591,Misker Hardenberg
,NLD,03591,Misker Hardenberg
,NLD,03591,Misker Hardenberg
,NLD,03591,Misker Hardenberg
,NLD,03591,Misker Hardenberg
,NLD,03591,Misker Hardenberg
,NLD,03591,Misker Hardenberg
,NLD,03591,Misker Hardenberg
,NLD,03591,Misker Hardenberg
,NLD,03591,Misker Hardenberg
,NLD,03591,Misker Hardenberg
,NLD,03591,Misker Hardenberg
,NLD,03591,Misker Hardenberg
,NLD,03591,Misker Hardenberg
,NLD,03591,Misker Hardenberg
,NLD,03591,Misker Hardenberg
,NLD,03591,Misker Hardenberg
,NLD,03591,Misker Hardenberg
,NLD,03591,Misker Hardenberg
,NLD,03591,Misker Hardenberg
,NLD,03591,Misker Hardenberg
,NLD,03591,Misker Hardenberg
,NLD,03591,Misker Hardenberg
,NLD,03591,Misker Hardenberg
,NLD,03591,Misker Hardenberg
,NLD,03591,Misker Hardenberg
,NLD,03591,Misker Hardenberg
,NLD,03591,Misker Hardenberg
,NLD,03591,Misker Hardenberg
,NLD,03591,Misker Hardenberg
,NLD,03591,Misker Hardenberg
,NLD,03591,Misker Hardenberg
,NLD,03591,Misker Hardenberg
,NLD,03781,Broekhuis Nijkerk
,NLD,03781,Broekhuis Nijkerk
,NLD,03781,Broekhuis Nijkerk
,NLD,03781,Broekhuis Nijkerk
,NLD,03781,Broekhuis Nijkerk
,NLD,03781,Broekhuis Nijkerk
,NLD,03781,Broekhuis Nijkerk
,NLD,03781,Broekhuis Nijkerk
,NLD,03781,Broekhuis Nijkerk
,NLD,03781,Broekhuis Nijkerk
,NLD,03781,Broekhuis Nijkerk
,NLD,03781,Broekhuis Nijkerk
,NLD,03781,Broekhuis Nijkerk
,NLD,03781,Broekhuis Nijkerk
,NLD,03781,Broekhuis Nijkerk
,NLD,03781,Broekhuis Nijkerk
,NLD,03781,Broekhuis Nijkerk
,NLD,03781,Broekhuis Nijkerk
,NLD,03781,Broekhuis Nijkerk
,NLD,03781,Broekhuis Nijkerk
,NLD,03781,Broekhuis Nijkerk
,NLD,03781,Broekhuis Nijkerk
,NLD,03781,Broekhuis Nijkerk
,NLD,03781,Broekhuis Nijkerk
,NLD,03781,Broekhuis Nijkerk
,NLD,03781,Broekhuis Nijkerk
,NLD,03781,Broekhuis Nijkerk
,NLD,03781,Broekhuis Nijkerk
,NLD,03781,Broekhuis Nijkerk
,NLD,03781,Broekhuis Nijkerk
,NLD,03781,Broekhuis Nijkerk
,NLD,03781,Broekhuis Nijkerk
,NLD,03781,Broekhuis Nijkerk
,NLD,03781,Broekhuis Nijkerk
,NLD,03781,Broekhuis Nijkerk
,NLD,03781,Broekhuis Nijkerk
,NLD,03781,Broekhuis Nijkerk
,NLD,03781,Broekhuis Nijkerk
,NLD,03781,Broekhuis Nijkerk
,NLD,03781,Broekhuis Nijkerk
,NLD,03786,Broekhuis Doornspijk
,NLD,03786,Broekhuis Doornspijk
,NLD,03786,Broekhuis Doornspijk
,NLD,03786,Broekhuis Doornspijk
,NLD,03786,Broekhuis Doornspijk
,NLD,03786,Broekhuis Doornspijk
,NLD,03786,Broekhuis Doornspijk
,NLD,03786,Broekhuis Doornspijk
,NLD,03786,Broekhuis Doornspijk
,NLD,03786,Broekhuis Doornspijk
,NLD,03786,Broekhuis Doornspijk
,NLD,03786,Broekhuis Doornspijk
,NLD,03786,Broekhuis Doornspijk
,NLD,03786,Broekhuis Doornspijk
,NLD,03786,Broekhuis Doornspijk
,NLD,03786,Broekhuis Doornspijk
,NLD,03786,Broekhuis Doornspijk
,NLD,03786,Broekhuis Doornspijk
,NLD,03786,Broekhuis Doornspijk
,NLD,03786,Broekhuis Doornspijk
,NLD,03786,Broekhuis Doornspijk
,NLD,03786,Broekhuis Doornspijk
,NLD,03786,Broekhuis Doornspijk
,NLD,03786,Broekhuis Doornspijk
,NLD,03786,Broekhuis Doornspijk
,NLD,03786,Broekhuis Doornspijk
,NLD,03786,Broekhuis Doornspijk
,NLD,03786,Broekhuis Doornspijk
,NLD,03786,Broekhuis Doornspijk
,NLD,03786,Broekhuis Doornspijk
,NLD,03786,Broekhuis Doornspijk
,NLD,03786,Broekhuis Doornspijk
,NLD,03786,Broekhuis Doornspijk
,NLD,03786,Broekhuis Doornspijk
,NLD,03786,Broekhuis Doornspijk
,NLD,03786,Broekhuis Doornspijk
,NLD,03786,Broekhuis Doornspijk
,NLD,03786,Broekhuis Doornspijk
,NLD,03786,Broekhuis Doornspijk
,NLD,03786,Broekhuis Doornspijk
,NLD,03790,Broekhuis Epe
,NLD,03790,Broekhuis Epe
,NLD,03790,Broekhuis Epe
,NLD,03790,Broekhuis Epe
,NLD,03790,Broekhuis Epe
,NLD,03790,Broekhuis Epe
,NLD,03790,Broekhuis Epe
,NLD,03790,Broekhuis Epe
,NLD,03790,Broekhuis Epe
,NLD,03790,Broekhuis Epe
,NLD,03790,Broekhuis Epe
,NLD,03790,Broekhuis Epe
,NLD,03790,Broekhuis Epe
,NLD,03790,Broekhuis Epe
,NLD,03790,Broekhuis Epe
,NLD,03790,Broekhuis Epe
,NLD,03790,Broekhuis Epe
,NLD,03790,Broekhuis Epe
,NLD,03790,Broekhuis Epe
,NLD,03790,Broekhuis Epe
,NLD,03790,Broekhuis Epe
,NLD,03790,Broekhuis Epe
,NLD,03790,Broekhuis Epe
,NLD,03790,Broekhuis Epe
,NLD,03790,Broekhuis Epe
,NLD,03790,Broekhuis Epe
,NLD,03790,Broekhuis Epe
,NLD,03790,Broekhuis Epe
,NLD,03790,Broekhuis Epe
,NLD,03790,Broekhuis Epe
,NLD,03790,Broekhuis Epe
,NLD,03790,Broekhuis Epe
,NLD,03790,Broekhuis Epe
,NLD,03790,Broekhuis Epe
,NLD,03790,Broekhuis Epe
,NLD,03790,Broekhuis Epe
,NLD,03790,Broekhuis Epe
,NLD,03790,Broekhuis Epe
,NLD,03790,Broekhuis Epe
,NLD,03790,Broekhuis Epe
