text_mli,mli_description,basket,mpl_code,pct_code,cg_code
0532,PARKING DISTANCE SYSTEMS,H,ACE,A,AC
0549,ADDITIONAL HEATERS,H,ACE,A,AC
0556,ELECTRICAL,C2,ACE,A,AC
0610,SB ADDITIONAL HEATERS,G,ACE,A,AC
0636,SB DISTANCE CONTROL,G,ACE,A,AC
0656,SB ELECTRICAL,G,ACE,A,AC
130,FPP COMPLETE WHEEL,G,AFP,A,AF
0584,FPP EXHAUST,G,AFP,A,AF
0585,FPP CHASSIS,G,AFP,A,AF
0586,FPP PREMIUM PARTS,G,AFP,A,AF
0587,FPP WHEELS,G,AFP,A,AF
0589,FPP APPEARANCE,G,AFP,A,AF
0736,FPP ENGINE,G,AFP,A,AF
608,SB DAB SYSTEMS,E,AIA,A,AI
0575,SBA ELECTRONICS 15%,G,AIA,A,AI
0625,SB AUDIO SYSTEMS,G,AIA,A,AI
0661,SB LOUDSPEAKERS,G,AIA,A,AI
0663,SB CAR KITS,G,AIA,A,AI
0664,SB INFOTAINMENT (C.B.R.),,AIA,A,AI
0690,SB INFOTAINMENT,G,AIA,A,AI
0633,SB MOBILE NAVIGATION,G,AIN,A,AI
0652,SB NAVIGATION SYSTEMS,G,AIN,A,AI
0654,SB NAVIGATION MAP DATA,G,AIN,A,AI
0531,MOBILITY ACCESSORIES,G,AOO,A,AO
0563,WORKSHOP MATERIAL,H,LTR,L,LT
0574,SBA DEALER MATERIAL 0%,,AOO,A,AO
0578,EV Mobility,G,AOO,A,AO
0579,ACCESSORY FORD SELL OUT,H,AOO,A,AO
0580,ACCESSORY SUPPLIER BRANDED SELL OUT,G,AOO,A,AO
0581,ACCESSORY INNOVATION PRODUCTS,C2,AOO,A,AO
0582,SBA RUS 35%,G,AOO,A,AO
0583,S/C GRAINED BUMPER BARS COMPETITIVE,B1,CBP,C,CB
0591,OTHER ACCESSORIES,H,AOO,A,AO
0601,SB OTHER ACCESSORIES (C.B.),E,AOO,A,AO
0623,ACCESSORY PACKS,C2,AOO,A,AO
0637,SB OTHER ACCESSORIES (C.B.R.),,AOO,A,AO
0671,SB WORKSHOP MATERIAL,,AOO,A,AO
0691,ACCESSORY CAMPING,G,AOO,A,AO
0699,SB OTHER ACCESSORIES,G,AOO,A,AO
0700,ALTERNATIVE FUEL SYSTEM,H,AOO,A,AO
0902,DEAD ACCESSORY PARTS,H,OOP,O,OO
0514,MUD FLAPS,C2,APD,A,AP
0511,FLOOR MATS VELOURS,C,APF,A,AP
0512,FLOOR MATS,C1,APF,A,AP
0513,FLOOR MATS RUBBER,C1,APF,A,AP
0520,SAFETY / EMERGENCY,C2,APS,A,AP
0565,ANTITHEFT DEVICES,,APS,A,AP
0577,SBA SAFETY,G,APS,A,AP
0606,SB PROTECTION,G,APS,A,AP
0620,SB CHILD SEATS,G,APS,A,AP
0660,SB SAFETY / EMERGENCY,G,APS,A,AP
0665,SB ANTITHEFT DEVICES,,APS,A,AP
0538,SPOILERS,C,ASE,A,AS
0542,BODY STYLING,C2,ASE,A,AS
0544,EXTERIOR TRIM,H,ASE,A,AS
0594,AIR/SUN DEFLECTORS,H,ASE,A,AS
0595,SCUFF PLATES,C2,ASE,A,AS
0600,SB STYLING (C.B.),E,ASE,A,AS
0607,SB STYLING,G,ASE,A,AS
0615,SB AIR/SUN DEFLECTORS,G,ASE,A,AS
0626,SB STYLING (C.B.R.),,ASE,A,AS
0545,INTERIOR STYLING,C2,ASI,A,AS
0657,SB INTERIOR TRIM,G,ASI,A,AS
682,SB TRANSPORTATION (C.B.R.),,ATC,A,AT
0518,ROOF CARRIER,C2,ATC,A,AT
0527,TRANSPORTATION PARTS,H,ATC,A,AT
0547,LUGGAGE COMPARTMENT MATS,C2,ATC,A,AT
0576,SBA TRANSPORTATION 15%,G,ATC,A,AT
0593,RETENTION GUARDS/NETS,C2,ATC,A,AT
0611,CV TRANSPORTATION,C2,ATC,A,AT
0617,SB ROOF BOXES,G,ATC,A,AT
0618,SB ROOF RACKS,G,ATC,A,AT
0622,SB CV TRANSPORTATION,G,ATC,A,AT
0639,SB TOW BAR BIKE CARRIERS,,ATC,A,AT
0519,TOW BAR FIXED,C2,ATT,A,AT
0521,TOW BAR RETRACTABLE,C2,ATT,A,AT
0566,TOW BAR DETACHABLE,C2,ATT,A,AT
0570,E-KIT TOWBAR,C2,ATT,A,AT
0619,SB TOWBARS,G,ATT,A,AT
0605,SB LOWERING KITS,G,AWS,A,AW
0505,SINGLE WHEEL TRIMS,C2,AWW,A,AW
0533,WHEEL TRIM KITS,C2,AWW,A,AW
0540,ALLOY WHEEL KITS,C2,AWW,A,AW
0568,WHEEL LOCKS,C2,AWW,A,AW
0640,SB ALLOY WHEELS,G,AWW,A,AW
0662,SB INFOTAINMENT (C.B.),E,BAA,B,BA
0683,SB TRANSPORTATION (C.B.),E,BAC,B,BA
0539,FORD LIFE STYLE,E,BAO,B,BA
0603,SB MODIFICATION (C.B.),E,BAO,B,BA
0763,SB CONSUMABLES,E,BCC,B,BC
0630,WINSCHIELD COM BUSINESS,E,BCG,B,BC
0645,PARTCO NON FORD PROGRAM,E,BCO,B,BC
0530,REPAIR PAINT,E,BCP,B,BC
0599,OTHER MAKES PARTS,E,BLR,B,BL
0098,TIRES,E,BLT,B,BL
155,ADAS SENSORS AND MODULES,H,CAE,C,CA
0113,PARK AID SENSORS AND MODULES,H,CAE,C,CA
0136,CAMERAS,H,CAE,C,CA
0455,OTHER BUMP BAR PARTS,H,CBA,C,CB
0467,OTHER COMPETITIVE BUMPER PARTS,G,CBO,C,CB
0330,PLASTIC BUMPER BARS,,CBP,C,CB
0331,BUMPERS FOCUS,,CBP,C,CB
0332,BUMPERS FIESTA,,CBP,C,CB
0333,BUMPERS MONDEO,,CBP,C,CB
0430,PRIMED BUMPER BARS NEW & NICHE,G,CBP,C,CB
0567,PRIMED BUMPER BARS COMPETITIVE,B1,CBP,C,CB
0624,PAINTED BUMPER COMPETITIVE,B2,CBP,C,CB
0730,PAINTED BUMPER NEW & NICHE,G,CBP,C,CB
0731,PAINTED BUMPER COMPETITIVE,,CBP,C,CB
0128,STEEL BUMPER BARS,H,CBS,C,CB
0304,FHEV BATTERIES,H,PVB,P,PV
0321,CROSS MEMBERS,,CCF,C,CC
0400,FENDERS NEW & NICHE,G,CCF,C,CC
0403,RADIATOR GRILLES NEW & NICHE,G,CCF,C,CC
0421,CROSS MEMBERS NEW & NICHE,G,CCF,C,CC
0506,FENDERS COMPETITIVE,B1,CCF,C,CC
0507,RADIATOR GRILLES COMPETITIVE,B1,CCF,C,CC
0508,CROSS MEMBERS COMPETITIVE,B1,CCF,C,CC
0402,HOODS NEW & NICHE,G,CCH,C,CC
0502,HOODS COMPETITIVE,B1,CCH,C,CC
0025,LATCHES & STRIKER,H,CDL,C,CD
0030,LOCKS,H,CDL,C,CD
0038,OTHER LOCKS & LATCHES PARTS,H,CDL,C,CD
0039,SERVICE CUT KEYS,B2,CDL,C,CD
0184,REMOTE CONTROLS,B2,CDL,C,CD
0478,KEY RAW PARTS,H,CDL,C,CD
0480,KEY BLANKS,B2,CDL,C,CD
0458,DOOR HANDLES,H,CDO,C,CD
0465,DOOR/BOOT/TAILG PRTS,H,CDO,C,CD
0404,BOOT LIDS,H,CDR,C,CD
0417,TAILGATES,H,CDR,C,CD
0450,REAR DOORS,H,CDR,C,CD
0715,LIFTGATE/HOOD GAS DAMPERS,B2,CDR,C,CD
0319,BEV BATTERY REFURB,H,PVB,P,PV
0401,SIDE DOORS,H,CDS,C,CD
0419,DOOR SKIN PANELS,H,CDS,C,CD
0036,BACKLITES,B1,CGB,C,CG
0129,NON HEATED WINDSHIELDS,B1,CGF,C,CG
0139,HEATED WINDSHIELDS,B1,CGF,C,CG
0028,GLASS NICHE,H,CGS,C,CG
0029,SIDE GLASS,B1,CGS,C,CG
0137,OTHER EXTERIOR MIRROR PARTS,H,CIM,C,CI
0358,MIRROR CAPS,B1,CIM,C,CI
0359,EXTERIOR MIRRORS,,CIM,C,CI
0516,INTERIOR MIRRORS,H,CIM,C,CI
0553,EXTERIOR MIRRORS COMPETITIVE,B1,CIM,C,CI
0559,EXTERIOR MIRRORS NEW & NICHE,G,CIM,C,CI
0085,HEADLAMPS ASSY,B1,CLH,C,CL
0286,LED HEADLAMPS,G,CLH,C,CL
0685,XENON HEADLAMPS,B1,CLH,C,CL
0047,LENSES,,CLL,C,CL
0086,REAR LAMPS AND LENSES LOW,H,CLL,C,CL
0087,REAR LAMPS & LENSES,B1,CLL,C,CL
0011,OTHER LIGHTING PARTS,B1,CLO,C,CL
0048,REFLECTORS,,CLO,C,CL
0405,SIDE PANELS,H,CMC,C,CM
0406,REPAIR PANELS,H,CMC,C,CM
0418,BODY SHELLS,,CMC,C,CM
0451,SIDE PANEL PARTS,H,CMC,C,CM
0449,HOOD PARTS,H,CMF,C,CM
0452,BODY FRT PANEL PARTS,H,CMF,C,CM
0462,REAR PANELS,H,CMR,C,CM
0463,CRASH REPAIR PANELS,,CMR,C,CM
0422,OTHER BODY REP PANLS,,CMU,C,CM
0453,UNDERBODY PANELS,H,CMU,C,CM
0534,UNDERBODY PARTS,H,CMU,C,CM
0454,FRAME & MOUNT PARTS,B1,COC,C,CO
0483,TRIM-WHEELHOUSE,B2,COF,C,CO
695,SPECIAL WAREHOUSE DEALS,G,MEO,M,ME
0891,CFC REPAIR PRODUCTS,,COO,C,CO
0892,OWNER LITERATURE,H,COO,C,CO
0900,DEAD MATERIAL,H,OOP,O,OO
764,SB WORKSHOP MATERIAL (BERNER),,CPC,C,CP
0765,SB CONSUMABLES (C.B.R.),,CPC,C,CP
0501,BODY REPAIR MATERIAL,B2,CPM,C,CP
0205,PAINT AEROSOLS SPRAYMAX,B2,CPP,C,CP
0517,PAINT PENCILS,B2,CPP,C,CP
0529,PAINT AEROSOLS,B,CPP,C,CP
0573,SB PAINT (C.B.R.),,CPP,C,CP
0035,HEATER RADIATORS,B2,CRR,C,CR
0060,CHARGE COOLING PARTS,B1,CRR,C,CR
0127,RADIATORS,B1,CRR,C,CR
0227,FMC RADIATORS,G,CRR,C,CR
161,OTHER SEAT PARTS,H,CSS,C,CS
0460,SEATS FRONT,H,CSS,C,CS
0468,SEATS REAR,H,CSS,C,CS
0503,SEAT BELTS,H,CSS,C,CS
0510,HEAD RESTS,H,CSS,C,CS
0031,CARPETS,H,CTO,C,CT
0037,TRIM PANELS,H,CTO,C,CT
0082,CONSOLS AND COVERS,H,CTO,C,CT
0461,INSTRUMENT PANELS,H,CTO,C,CT
0464,INTERIOR TRIM PARTS,H,CTO,C,CT
0466,AIRBAG,H,CTO,C,CT
0500,CLIPS & FASTENING MATERIAL,H,CTO,C,CT
0557,BODY SIDE STRIPES,H,CTO,C,CT
0457,BODY MOULDINGS,H,CTS,C,CT
0459,BODY SEALS,H,CTS,C,CT
0489,OTHER BODY&TRIM PRTS,H,CTS,C,CT
0124,STEEL WHEELS,B1,CWW,C,CW
0176,SG JOINT FORD CASTROL OIL,D,EOO,E,EO
0189,SG CASTROL ENGINE OIL,D,EOO,E,EO
0190,MC ENGINE OIL,,EOO,E,EO
0191,SG MC ENGINE OIL,D,EOO,E,EO
0524,SG FORD ENGINE OIL,D,EOO,E,EO
0632,SG OC ENGINE OIL,D,EOO,E,EO
0707,NEW COMPRESSORS,A1,LAC,L,LA
0708,FMC REMAN COMPRESSORS,A1,LAC,L,LA
0021,HEATING PARTS,H,LAH,L,LA
0705,OTHER AC PARTS,A2,LAP,L,LA
0709,CONDENSERS,A1,LAP,L,LA
0710,EVAPORATORS,A2,LAP,L,LA
0712,AIR CONDITION FLUIDS,A2,LAP,L,LA
0713,A/C CLUTCH AND PULLEY,A2,LAP,L,LA
0714,MC CONDENSER,,LAP,L,LA
0024,ABS MODULES,A2,LBA,L,LB
0097,ABS PARTS,A2,LBA,L,LB
0003,CALIPER COMPONENTS,A2,LBH,L,LB
0050,FMC REMAN BRAKE CALIPERS,A2,LBH,L,LB
0057,NEW BRAKE CALIPERS,A2,LBH,L,LB
0117,MASTER BRAKE CYL,A2,LBH,L,LB
0118,WHEEL BRAKE CYL,A2,LBH,L,LB
0004,CABLES PARKING BRAKE,A2,LBO,L,LB
0005,SERVO BRAKE PARTS,H,LBO,L,LB
0006,BRAKE LINE PARTS,A2,LBO,L,LB
0007,OTHER BRAKE PARTS,A2,LBO,L,LB
0049,REAR BRAKE FITTING PARTS,A2,LBO,L,LB
0051,FMC BRAKE HOSE KITS,A2,LBO,L,LB
0431,OTHER PARK BRAKE PARTS,H,LBO,L,LB
268,MC BRAKE PAD & DISC KITS,,LBP,L,LB
0067,FMC BRAKE SHOE KITS,A1,LBP,L,LB
0068,FMC BRAKE PAD KITS,A1,LBP,L,LB
0069,FORD BRAKE PAD KITS,A1,LBP,L,LB
0070,FORD BRAKESHOE KITS,A1,LBP,L,LB
0001,BRAKE DRUMS,A1,LBR,L,LB
0002,BRAKE DISCS,A1,LBR,L,LB
0073,FMC DRUM BRAKE REP KITS,A,LBR,L,LB
0322,BRAKE DISCS OLD APPLICATION,A1,LBR,L,LB
0089,IGNITION LOCKS,H,LDD,L,LD
0015,SWITCHES,H,LDE,L,LD
0059,SENSORS,A2,LDE,L,LD
0090,STRG COLUMN CONTROLS,A2,LDE,L,LD
0200,GENERAL ELECTRIC MODULES NEW,H,LDE,L,LD
0370,EOC VALUE LIGHT REPAIR,G,LDE,L,LD
0014,OTHER INSTRUM PARTS,H,LDI,L,LD
0104,INSTRUMENT CLUSTERS,H,LDI,L,LD
162,48 VOLT STARTERGENERATORS,G,LEA,L,LE
0164,NEW ALTERNATORS,A1,LEA,L,LE
0165,FMC REMAN ALTERNATORS,A1,LEA,L,LE
0116,FMC BULBS,A2,LEB,L,LE
0174,BULB KITS - ALL MAKES,,LEB,L,LE
0598,FMC BULB KITS,A2,LEB,L,LE
0616,INNOVATION BULBS,A,LEB,L,LE
0684,XENON BULB,A2,LEB,L,LE
0143,TPMS,A1,LED,L,LE
0525,AUDIO SYSTEMS,H,LEI,L,LE
0554,NAVIGATION MAP UPDATE,G,LEI,L,LE
0561,LOUDSPEAKERS,H,LEI,L,LE
0562,SYNC CONNECTIVITY-NAVIGATION MODULES,H,LEI,L,LE
0571,NAVIGATION SYSTEMS,H,LEI,L,LE
0590,INFOTAINMENT PARTS,H,LEI,L,LE
0334,WIPER MOTOR & PUMPS,A2,LEM,L,LE
0053,OTHER ELECTRICALS,H,LEO,L,LE
0075,MOUNTING PARTS AND COVERS,H,LEO,L,LE
0177,FUSES,A2,LEO,L,LE
0013,OTHER STARTER PARTS,H,LES,L,LE
0157,NEW STARTER MOTORS,A1,LES,L,LE
0158,FMC REMAN STARTER MOTORS,A1,LES,L,LE
0016,WIRES,H,LEW,L,LE
0017,PIGTAIL WIRING KITS,H,LEW,L,LE
0078,MAIN WIRING LOOMS,H,LEW,L,LE
0202,HEGO SENSORS,A2,LFE,L,LF
0433,VAPORIZERS,H,LFE,L,LF
0437,EMISSION CONTR PARTS,A2,LFE,L,LF
0439,FUEL TANKS,H,LFF,L,LF
0009,NEW INJECTORS PETROL,A2,LFI,L,LF
0010,NEW INJECTORS DIESEL,A2,LFI,L,LF
0018,OTHER INJECTION PARTS,A2,LFI,L,LF
0019,OTHER FUELSUPPLY PARTS,H,LFI,L,LF
0027,FMC REMAN INJECTORS DIESEL,A1,LFI,L,LF
0045,NEW INJ PUMPS-DIESEL,A2,LFI,L,LF
0046,FMC INJ PUMPS-DIESEL,A1,LFI,L,LF
0055,OTHER FUEL SYST PRTS,G,LFI,L,LF
0058,MC REPAIRED EXCH INJ PUMPS-DIESEL,,LFI,L,LF
0125,FUEL PUMPS&REP KITS,A2,LFI,L,LF
154,DISTRIBUTORS,,LIE,L,LI
0012,OTHER IGNITION PARTS,A2,LIE,L,LI
0080,IGNITION LEAD SET,,LIE,L,LI
0088,IGNITION LEADS,A2,LIE,L,LI
0122,IGNITION COILS,A2,LIE,L,LI
0181,POWERTR CTRL MODULES OLD APP,H,LIE,L,LI
0182,NEW POWERTRAIN CTRL MODULES,H,LIE,L,LI
0115,SINGLE WHEELBEARINGS,,LRB,L,LR
0186,FMC WHEEL BEARING KIT,A2,LRB,L,LR
0192,FORD WHEEL HUBS AND BEARINGS,A1,LRB,L,LR
0022,FASTENERS HARDWARE PARTS,H,LRC,L,LR
0033,TRACK CONTROL ARMS,A1,LRC,L,LR
0034,BALL JOINT FRT SUSP,A2,LRC,L,LR
0041,SPRINGS COIL TYPE,A2,LRC,L,LR
0042,SPRINGS LEAF TYPE,A2,LRC,L,LR
0123,WHEEL NUTS,G,LRC,L,LR
0206,CONVENTIONAL SPECIAL PARTS,H,LRC,L,LR
0233,FMC TRACK CONTROL ARMS AND KITS,,LRC,L,LR
0234,FMC BALL JOINT FRT SUSP,,LRC,L,LR
0325,4PLUS TRACK CONTROL ARMS,,LRC,L,LR
0429,AXLE REAR,H,LRC,L,LR
0432,OTHER SUSPENSION PARTS,A2,LRC,L,LR
0434,FRONT SUSPENSION PARTS,A2,LRC,L,LR
0435,REAR SUSPENSION PARTS,A2,LRC,L,LR
0436,FMC SUSPENSION PARTS,A2,LRC,L,LR
0471,SHORT STABILIZER LINKS,A2,LRC,L,LR
0472,TRACK CONTROL ANCILLIARY PARTS,A2,LRC,L,LR
0486,OTHER WEAR & TEAR PRTS,H,LRC,L,LR
0490,CHASSIS LOW,H,LRC,L,LR
0103,SHOCK ABSORBERS,A1,LRR,L,LR
0173,ADJ SHOCK ABSORBERS FR & R,A2,LRR,L,LR
0203,MC KITS - SHOCK ABSORBERS,,LRR,L,LR
0204,FMC SHOCK ABSORBERS AXLE KITS,A1,LRR,L,LR
0323,PHEV BATTERIES REFURB,H,PVB,p,PV
0470,SHOCK ABS ANCILLIARY PARTS,A2,LRR,L,LR
0631,FMC SHOCK ABS TOP MOUNT KITS,A2,LRR,L,LR
0095,FMC REMAN STEERING GEARS,A1,LSG,L,LS
0145,NEW PUMPS POWER STEERING,A2,LSG,L,LS
0166,FMC REMAN PUMPS POWER STEERING,A2,LSG,L,LS
0415,NEW STEERING GEARS,A1,LSG,L,LS
0416,FMC FLEXI BOOT KITS FOR STEERING GEARS,A,LSG,L,LS
0008,OTHER STEERING PARTS,H,LSO,L,LS
0110,TIE ROD ENDS,A2,LSO,L,LS
0326,BEV ARRAYS AND ARRAY KITS REFURB,H,PVB,P,PV
0475,STEERING COLUMNS,H,LSO,L,LS
0476,STEERING WHEELS,H,LSO,L,LS
0477,STEERING TUBES/PIPES/HOSES,H,LSO,L,LS
0121,TYRE REPAIR REFILL KITS,G,LTR,L,LT
0142,SPARE WHEEL KITS,H,LTR,L,LT
0101,SB TIRES (C.B.R.),,LTT,L,LT
0120,WHEEL + TYRE (WINTER),-,LTT,L,LT
0150,FCSD TIRES,H,LTT,L,LT
0052,NEW CATALYTIC CONVERTERS,A1,LXC,L,LX
0099,FMC CATALYTIC CONVERTERS,A2,LXC,L,LX
0188,EXHAUST PARTICLE FILTERS,G,LXC,L,LX
0199,FMC RETROFIT DIESEL PARTICLE FILTERS,A,LXC,L,LX
0288,FMC REMAN EXHAUST PARTICLE FILTERS,A1,LXC,L,LX
0065,FMC MUFFLERS,A,LXM,L,LX
0105,NEW MUFFLERS,A2,LXM,L,LX
0131,NEW EXHAUST PIPES,A2,LXM,L,LX
0320,EOC VALUE MUFFLER PARTS,G,LXM,L,LX
0054,EXHAUST MOUNT PARTS,A2,LXO,L,LX
0076,EXHAUST HEAT SHIELD & BRACKETS,H,LXO,L,LX
0079,EXHAUST MANIFOLDS,A2,LXO,L,LX
0254,FMC EXHAUST MOUNT PARTS,A2,LXO,L,LX
0193,FORD BATTERIES,A1,MBB,M,MB
0194,MC OTHER MAKES BATTERY,,MBB,M,MB
0197,FMC BATTERIES,A1,MBB,M,MB
0056,ADHESIVES & SEALANTS,H,MCC,M,MC
0171,CAR CARE CHEMICALS,A2,MCC,M,MC
0572,WORKSHOP CHEMICALS,A2,MCC,M,MC
0032,ANTIFREEZE READY MIX,A2,MCF,M,MC
0167,SPECIAL FLUIDS,H,MCF,M,MC
0172,ANTIFREEZE COOLANT,A1,MCF,M,MC
0522,BRAKE FLUID,A1,MCF,M,MC
0658,SB SCREEN WASHERS FRANCE,A2,MCF,M,MC
0704,SCREEN WASH FLUID,A2,MCF,M,MC
0596,LUBRICANTS & GREASES,H,MCL,M,MC
0109,ACCESSORY DRIVE BELTS,A1,MEB,M,ME
0132,AIR FILTERS,A1,MFA,M,MF
0641,OTHER MAKES DIESEL FILTERS,,MFA,M,MF
0686,OTHER MAKES PETROL FILTERS,,MFA,M,MF
0688,FMC REMAN TRANSM CTRL PARTS,H,PTR,P,PT
0185,CABIN PARTICLE FILTER,A,MFC,M,MF
0285,CABIN ODOUR FILTERS,A1,MFC,M,MF
0385,FORD CABIN ODOUR PLUS FILTERS,A1,MFC,M,MF
0564,SYNC NAVIGATION MODULES REFURB,H,LEI,L,LE
0141,FUEL FILTERS DIESEL,A1,MFF,M,MF
0183,FUEL FILTERS PETROL,A1,MFF,M,MF
0569,MC FUEL FILTER,,MFF,M,MF
0102,OIL FILTERS,A1,MFO,M,MF
0491,SERVICE INSPECTION KITS,A1,MFO,M,MF
0602,SB OIL FILTERS,,MFO,M,MF
0523,TRANSMISSION AND HYDRAULIC FLUIDS,H,MOT,M,MO
0551,DUAL CLUTCH TRANSMISSION OIL,A2,MOT,M,MO
0100,GLOW PLUGS,A1,MPG,M,MP
0604,OTHER MAKES GLOW PLUGS,,MPG,M,MP
0187,SPARK PLUGS,A1,MPS,M,MP
0687,SB SPARK PLUGS,,MPS,M,MP
0515,FUEL FILLER CAPS,H,MSC,M,MS
649,OTHER MAKES TIMING BELT KITS,,MTB,M,MT
0149,TIMING BELTS AND CHAINS,A1,MTB,M,MT
0650,FMC KITS - TIMING BELT,A1,MTB,M,MT
0223,FORD WIPER BLADES OE,A1,MWB,M,MW
0558,FMC WIPER BLADES,A1,MWB,M,MW
0723,MC WIPER BLADES,,MWB,M,MW
0020,OTHER WIPER PARTS,H,MWO,M,MW
0140,WIPER ARMS,H,MWO,M,MW
0752,FINANCIAL TRANSACT RUSSIA,-,OFT,O,OF
0841,RAPID SPEC,-,OFT,O,OF
0847,INTERFACTORY TRANSFERS,-,OFT,O,OF
0848,FABRICATORS,-,OFT,O,OF
0849,TSO CHARGES,-,OFT,O,OF
0850,SCOOTER,,OFT,O,OF
0852,DIFFERENCES P&A,-,OFT,O,OF
0853,DIFFERENCES IP,-,OFT,O,OF
0854,WIS/AVRD PAYMENTS,-,OFT,O,OF
0855,IDS / WDS SYSTEM,-,OFT,O,OF
0856,VOLUME BONUS,-,OFT,O,OF
0857,CREDIT/FINANCIAL ADJ,-,OFT,O,OF
0858,CASH DISCOUNT,-,OFT,O,OF
0859,EXCHANGE SURCHARGES,-,OFT,O,OF
0860,RESERVES,-,OFT,O,OF
0861,PROGRAM A,-,OFT,O,OF
0862,PROGRAM B,-,OFT,O,OF
0863,PROGRAM C,-,OFT,O,OF
0864,PROGRAM D,-,OFT,O,OF
0870,DEALER FEES & CHARGES,-,OFT,O,OF
9999,OTHER NON-PARTS,-,XXX,X,XX
0536,FORD GT PARTS,H,OOP,O,OO
0756,U204 MAVERICK PARTS,H,OOP,O,OO
0759,NON-EUROPEAN VEHICLE PARTS,H,OOP,O,OO
0760,J37G (DEMIO) PARTS,H,OOP,O,OO
0851,NOT IDENTIFIED PARTS,-,OOP,O,OO
0899,NON SERVICE PARTS,H,OOP,O,OO
0901,DEAD MECHANICAL PARTS,H,OOP,O,OO
609,US PARTS,,OUP,O,OU
0757,US PARTS OTHER,H,OUP,O,OU
0998,PARTS FOR MANUAL MLI ALLOCATION,-,OXX,O,OX
0999,NON ALLOCATED PARTS,-,OXX,O,OX
0301,NEW ENGINES-DIESEL,H,PDN,P,PD
0272,FMC REMAN ENGINES-DIESEL,G,PDR,P,PD
0107,RADIATOR HOSES,H,PEC,P,PE
0111,THERMOSTATS,A2,PEC,P,PE
0119,WATER PUMPS,A1,PEC,P,PE
0148,RADIATOR FAN ASSY,A2,PEC,P,PE
0219,FORD WATER PUMP & TIMING BELT KITS,A1,PEC,P,PE
0229,FMC WATER PUMP AND TIMING BELT KITS,A1,PEC,P,PE
0329,FMC WATER PUMP,A1,PEC,P,PE
0482,OTHER COOLING PARTS,A2,PEC,P,PE
0893,LIFE CYCLE SELL OUT,,PEC,P,PE
0023,FMC REMAN CYLINDER HEADS,G,PEP,P,PE
0026,OTHER GASKETS & SEALS,A2,PEP,P,PE
0043,PISTON COMPONENTS AND SETS,H,PEP,P,PE
0044,NEW TURBOCHARGERS,A1,PEP,P,PE
0061,CYLINDERHEAD GASKETS,A2,PEP,P,PE
0062,MANIFOLD GASKETS,A2,PEP,P,PE
0063,OIL SEALS,A2,PEP,P,PE
0081,ENGINE GASKET KITS,A2,PEP,P,PE
0083,CAM COVER GASKETS,A2,PEP,P,PE
0084,OTHER ENGINE GASKETS,A1,PEP,P,PE
0108,CYLINDER HEAD COMPONENTS,G,PEP,P,PE
0126,PISTON RINGS & SETS,H,PEP,P,PE
0144,FMC REMAN TURBOCHARGERS,A1,PEP,P,PE
0201,POWERTRAIN COMPONENTS AND AUXILIARIES,H,PEP,P,PE
0426,NEW EGR-VALVES,A1,PEP,P,PE
0427,FMC REMAN EGR-VALVES,A1,PEP,P,PE
0440,NEW CYLINDER HEADS,H,PEP,P,PE
0441,S/C GRAINED BUMPER BARS NEW AND NICHE,G,CBP,C,CB
0442,CAMSHAFT PARTS,,PEP,P,PE
0443,INTAKE MANIFOLDS,H,PEP,P,PE
0444,ENG LUBRICAT PARTS,A2,PEP,P,PE
0456,NEW DUAL MASS FLYWHEELS,A1,PEP,P,PE
0473,SINGLE MASS FLYWHEELS,A2,PEP,P,PE
0474,FMC REMAN DUAL MASS FLYWHEEL,A2,PEP,P,PE
0487,ENGINE COMPONENTS,A2,PEP,P,PE
0300,NEW ENGINES-PETROL,H,PGN,P,PG
0407,NEW SHORT BLOCKS,H,PGN,P,PG
0271,FMC REMAN ENGINES-PETROL,G,PGR,P,PG
0412,FMC REMAN SHORT BLOCKS,G,PGR,P,PG
0064,MC REMAN EXCH DRIVE SHAFTS,,PLD,P,PL
0074,ENGINE ACCESSORY DRIVE PARTS,A2,PLD,P,PL
0096,FMC REMAN AXLE SHAFTS,A1,PLD,P,PL
0112,FMC REMAN CV-JOINT KITS,A2,PLD,P,PL
0114,NEW CV-JOINT KITS,A2,PLD,P,PL
0138,TRANSMISSION BEARINGS,H,PLD,P,PL
0175,NEW DRIVE SHAFTS,H,PLD,P,PL
0178,FMC FEAD KITS,A2,PLD,P,PL
0212,MC REMAN EXCH CV-JOINT KITS,,PLD,P,PL
0408,NEW AXLE SHAFTS,A1,PLD,P,PL
0409,DIFFERENTIALS ASSY,H,PLD,P,PL
0410,RR AXLE ASSY RR DRIVE,H,PLD,P,PL
0445,AXLE SHAFT PARTS,A2,PLD,P,PL
0446,REAR AXLE AND DRIVE UNIT PARTS,H,PLD,P,PL
0488,OTHER DRIVE COMPON,H,PLD,P,PL
0526,DRIVELINE BOOT KITS,A2,PLD,P,PL
0198,CLUTCH SLAVE CYLINDERS,A1,PLP,P,PL
0324,EOC VALUE POWERTRAIN PARTS,G,PLP,P,PL
0880,SPECIAL SERVICE KITS,G,PSS,P,PS
0890,SPECIAL SERVICE PARTS,H,PSS,P,PS
0411,NEW MAN TRANSMISS,H,PTN,P,PT
0413,NEW AUTO TRANSMISS,H,PTN,P,PT
0420,TRANSMISSION SPECIAL,H,PTN,P,PT
0423,NEW MAN TRANSAXLES,H,PTN,P,PT
0425,NEW AUTO TRANSAXLES,H,PTN,P,PT
0040,TRANSMISSION GEAR SHIFTER CABLES,A2,PTP,P,PT
0072,LEVER GEAR SHIFT PARTS,H,PTP,P,PT
0146,FMC CLUTCH KIT,A1,PTP,P,PT
0195,NEW EXCH CLUTCH KIT,A1,PTP,P,PT
0196,NEW CLUTCH DISCS,,PTP,P,PT
0246,EOC CLUTCH KIT,G,PTP,P,PT
0447,TRANSMISSION GEARS,H,PTP,P,PT
0448,SYNCHRONISER PARTS,H,PTP,P,PT
0481,OTHER CLUTCH PARTS,A2,PTP,P,PT
0484,TORQUE CONV AUTOM TRANSM,H,PTP,P,PT
0091,FMC REMAN MAN TRANSMISS,A2,PTR,P,PT
0092,FMC REMAN AUTO TRANSMISS,G,PTR,P,PT
0093,FMC REMAN MAN TRANSAXLES,A2,PTR,P,PT
0094,FMC REMAN AUTO TRANSAXLES,G,PTR,P,PT
0588,NEW TRANSMISSION CONTROL PARTS,H,PTP,P,PT
0293,BEV BATTERIES,H,PVB,P,PV
0295,MHEV BATTERIES,H,PVB,P,PV
0302,PHEV BATTERIES,H,PVB,P,PV
0303,BEV ARRAYS AND ARRAY KITS,H,PVB,P,PV
0296,EV SPECIAL PARTS,H,PVO,P,PV
0297,EV UNIQUE PARTS,H,PVO,P,PV
0327,EV DRIVE MOTOR ASSEMBLIES,H,PVP,P,PV
0328,EV TRANSMISSION PARTS,H,PVP,P,PV
0509,OC AC COMPRESSORS,,ULA,U,UL
0528,OC BRAKE SHOES,F,ULB,U,UL
0555,OC BRAKE CALIPERS,F,ULB,U,UL
0560,OC BRAKE HOSES,F,ULB,U,UL
0635,OC HUBS AND BEARINGS,F,ULB,U,UL
0701,OC BRAKE DISCS,F,ULB,U,UL
0702,OC BRAKE PADS,F,ULB,U,UL
0537,OC STABILIZER,F,ULC,U,UL
0541,OC BALL JOINTS,,ULC,U,UL
0543,OC CONTROL ARMS,F,ULC,U,UL
0546,OC BUSHINGS,,ULC,U,UL
0706,OC STARTER,F,ULE,U,UL
0711,OC ALTERNATORS,F,ULE,U,UL
0592,OC O2 SENSOR,F,ULF,U,UL
0550,OC BULBS,F,ULL,U,UL
0548,OC TIE RODS,F,ULO,U,UL
0703,OC SHOCK ABSORBER,F,ULR,U,UL
0552,OC TPMS,F,ULS,U,UL
0751,OC BATTERIES,F,UMB,U,UM
0668,OC ADBLUE,F,UMC,U,UM
0612,OC ENGINE OIL,F,UMC,U,UM
0672,OC SERVICE CHEMICALS,F,UMC,U,UM
0673,OC SCREEN WASH,F,UMC,U,UM
0614,OC THERMOSTATS,F,UME,U,UM
0753,OC OIL FILTER,F,UMF,U,UM
0754,OC AIR FILTER,F,UMF,U,UM
0755,OC CABIN FILTER,F,UMF,U,UM
0758,OC FUEL FILTER,F,UMF,U,UM
0642,OC SPARK PLUGS,F,UMS,U,UM
0644,OC ACCESSORY DRIVE BELTS,F,UMT,U,UM
0761,OC WIPER BLADES,F,UMW,U,UM
0628,OC CLUTCH KITS,F,UPD,U,UP
0634,OC CV DRIVESHAFTS,,UPD,U,UP
0621,OC WATER PUMPS,F,UPE,U,UP
0613,OC TIMING BELTS,F,UPP,U,UP
