id,aktiv,cy,mli_oil,mli_0000,mli,bezeichnung,bu,business_unit,program_mli_groups,mli_num,finanz_trans_etc,garantie,mli_txt,cb_mli
1,1,2026,N,0001,001,MLI_Name1,ME,ME H,FB_KGr,1,N,N,001 - MLI_name,
2,1,2026,N,0002,002,MLI_Name2,ME,ME H,FB_KGr,2,N,N,002 - MLI_name,
3,1,2026,N,0003,003,MLI_Name3,ME,ME M,FB_Basis,3,N,N,003 - MLI_name,
4,1,2026,N,0004,004,MLI_Name4,ME,ME M,FB_Basis,4,N,N,004 - MLI_name,
5,1,2026,N,0005,005,MLI_Name5,ME,ME L,,5,N,N,005 - MLI_name,
6,1,2026,N,0006,006,MLI_Name6,ME,ME M,FB_Basis,6,N,N,006 - MLI_name,
7,1,2026,N,0007,007,MLI_Name7,ME,ME M,FB_Basis,7,N,N,007 - MLI_name,
8,1,2026,N,0008,008,MLI_Name8,ME,ME L,,8,N,N,008 - MLI_name,
9,1,2026,N,0009,009,MLI_Name9,ME,ME M,FB_Basis,9,N,N,009 - MLI_name,
10,1,2026,N,0010,010,MLI_Name10,ME,ME M,FB_Basis,10,N,N,010 - MLI_name,
11,1,2026,N,0011,011,MLI_Name11,CO,CO C,FB_KGr,11,N,N,011 - MLI_name,
12,1,2026,N,0012,012,MLI_Name12,ME,ME M,FB_Basis,12,N,N,012 - MLI_name,
13,0,2026,N,0013,013,MLI_Name13,ME,ME M,,13,N,N,013 - MLI_name,
14,0,2026,N,0014,014,MLI_Name14,ME,ME L,,14,N,N,014 - MLI_name,
15,1,2026,N,0015,015,MLI_Name15,ME,ME L,,15,N,N,015 - MLI_name,
16,1,2026,N,0016,016,MLI_Name16,ME,ME L,,16,N,N,016 - MLI_name,
17,1,2026,N,0017,017,MLI_Name17,ME,ME L,,17,N,N,017 - MLI_name,
18,1,2026,N,0018,018,MLI_Name18,ME,ME M,FB_Basis,18,N,N,018 - MLI_name,
19,1,2026,N,0019,019,MLI_Name19,ME,ME L,,19,N,N,019 - MLI_name,
20,1,2026,N,0020,020,MLI_Name20,ME,ME L,,20,N,N,020 - MLI_name,
21,1,2026,N,0021,021,MLI_Name21,ME,ME L,,21,N,N,021 - MLI_name,
22,1,2026,N,0022,022,MLI_Name22,ME,ME L,,22,N,N,022 - MLI_name,
23,1,2026,N,0023,023,MLI_Name23,ME,ME M,,23,N,N,023 - MLI_name,
24,1,2026,N,0024,024,MLI_Name24,ME,ME M,FB_Basis,24,N,N,024 - MLI_name,
25,1,2026,N,0025,025,MLI_Name25,CO,CO L,,25,N,N,025 - MLI_name,
26,1,2026,N,0026,026,MLI_Name26,ME,ME M,FB_Basis,26,N,N,026 - MLI_name,
27,1,2026,N,0027,027,MLI_Name27,ME,ME H,FB_KGr,27,N,N,027 - MLI_name,
28,1,2026,N,0028,028,MLI_Name28,CO,CO L,,28,N,N,028 - MLI_name,
29,1,2026,N,0029,029,MLI_Name29,CO,CO OE,FB_KGr,29,N,N,029 - MLI_name,
30,1,2026,N,0030,030,MLI_Name30,CO,CO L,,30,N,N,030 - MLI_name,
31,1,2026,N,0031,031,MLI_Name31,CO,CO L,,31,N,N,031 - MLI_name,
32,1,2026,N,0032,032,MLI_Name32,ME,ME M,FB_Basis,32,N,N,032 - MLI_name,
33,1,2026,N,0033,033,MLI_Name33,ME,ME H,FB_KGr,33,N,N,033 - MLI_name,
34,1,2026,N,0034,034,MLI_Name34,ME,ME M,FB_Basis,34,N,N,034 - MLI_name,
35,1,2026,N,0035,035,MLI_Name35,CO,CO OE,FB_Basis,35,N,N,035 - MLI_name,
36,1,2026,N,0036,036,MLI_Name36,CO,CO OE,FB_KGr,36,N,N,036 - MLI_name,
37,1,2026,N,0037,037,MLI_Name37,CO,CO L,,37,N,N,037 - MLI_name,
38,1,2026,N,0038,038,MLI_Name38,CO,CO L,,38,N,N,038 - MLI_name,
39,1,2026,N,0039,039,MLI_Name39,CO,CO OE,FB_Basis,39,N,N,039 - MLI_name,
40,1,2026,N,0040,040,MLI_Name40,ME,ME M,FB_Basis,40,N,N,040 - MLI_name,
41,1,2026,N,0041,041,MLI_Name41,ME,ME M,FB_Basis,41,N,N,041 - MLI_name,
42,1,2026,N,0042,042,MLI_Name42,ME,ME M,FB_Basis,42,N,N,042 - MLI_name,
43,1,2026,N,0043,043,MLI_Name43,ME,ME L,,43,N,N,043 - MLI_name,
44,1,2026,N,0044,044,MLI_Name44,ME,ME H,FB_KGr,44,N,N,044 - MLI_name,
45,1,2026,N,0045,045,MLI_Name45,ME,ME M,FB_Basis,45,N,N,045 - MLI_name,
46,1,2026,N,0046,046,MLI_Name46,ME,ME H,FB_KGr,46,N,N,046 - MLI_name,
47,0,2026,N,0047,047,MLI_Name47,ME,ME H,,47,N,N,047 - MLI_name,
48,0,2026,N,0048,048,,CO,CO OE,,48,N,N,048 -MLI_name,
49,1,2026,N,0049,049,Bremstraeger,ME,ME M,FB_Basis,49,N,N,049 - MLI_name,
50,1,2026,N,0050,050,FMC Bremssaettel (W),ME,ME M,FB_Basis,50,N,N,050 - MLI_name,
51,1,2026,N,0051,051,FMC Bremsschlauch-Kits,ME,ME M,FB_Basis,51,N,N,051 - MLI_name,
52,1,2026,N,0052,052,Katalysatoren,ME,ME H,FB_KGr,52,N,N,052 - MLI_name,
53,1,2026,N,0053,053,Sonst. Elektrikteile,ME,ME L,,53,N,N,053 - MLI_name,
54,1,2026,N,0054,054,Auspuffbef.-Teile,ME,ME M,FB_Basis,54,N,N,054 - MLI_name,
55,1,2026,N,0055,055,Sonst.Kraftst.Systemteile,ME,ME M,,55,N,N,055 - MLI_name,
56,1,2026,N,0056,056,Kleber Und Dichtmittel,ME,ME L,,56,N,N,056 - MLI_name,
57,1,2026,N,0057,057,Bremssaettel,ME,ME M,FB_Basis,57,N,N,057 - MLI_name,
58,0,2026,N,0058,058,Bremssaettel,ME,ME M,,58,N,N,058 - MLI_name,
59,1,2026,N,0059,059,Sensoren,ME,ME M,FB_Basis,59,N,N,059 - MLI_name,
60,1,2026,N,0060,060,Ladeluftkühler,CO,CO OE,FB_KGr,60,N,N,060 - MLI_name,
61,1,2026,N,0061,061,Ventildeckeldichtungen,ME,ME M,FB_Basis,61,N,N,061 - MLI_name,
62,1,2026,N,0062,062,Ein-/Auslass-Sys-Dichtg,ME,ME M,FB_Basis,62,N,N,062 - MLI_name,
63,1,2026,N,0063,063,Simmerringe,ME,ME M,FB_Basis,63,N,N,063 - MLI_name,
64,0,2026,N,0064,064,Schlüssel geschnitten&Kompon.,CO,CO OE,,64,N,N,064 - MLI_name,
65,0,2026,N,0065,065,FMC Auspufftoepfe,ME,ME H,,65,N,N,065 - MLI_name,
66,0,2026,N,0066,066,FMC Auspufftoepfe,ME,ME H,,66,N,N,066 - MLI_name,
67,1,2026,N,0067,067,FMC Bremsbackensaetze,ME,ME H,FB_KGr,67,N,N,067 - MLI_name,
68,1,2026,N,0068,068,FMC Bremsbelagsaetze,ME,ME H,FB_KGr,68,N,N,068 - MLI_name,
69,1,2026,N,0069,069,Ford Bremsbelagsaetze,ME,ME H,FB_KGr,69,N,N,069 - MLI_name,
70,1,2026,N,0070,070,Ford Bremsbackensaetze,ME,ME H,FB_KGr,70,N,N,070 - MLI_name,
71,0,2026,N,0071,071,Ford Bremsbackensaetze,ME,ME H,,71,N,N,071 - MLI_name,
72,1,2026,N,0072,072,Nebenaggregaten Antriebsteile,ME,ME L,,72,N,N,072 - MLI_name,
73,0,2026,N,0073,073,Nebenaggregaten Antriebsteile,ME,ME L,,73,N,N,073 - MLI_name,
74,1,2026,N,0074,074,Getriebe-Bedienelemente,ME,ME M,FB_Basis,74,N,N,074 - MLI_name,
75,1,2026,N,0075,075,Hilfsteile Komponenten,ME,ME L,,75,N,N,075 - MLI_name,
76,1,2026,N,0076,076,Hitzeschilder Abgasanl&Anbaut.,ME,ME L,,76,N,N,076 - MLI_name,
77,0,2026,N,0077,077,Hitzeschilder Abgasanl&Anbaut.,ME,ME L,,77,N,N,077 - MLI_name,
78,1,2026,N,0078,078,Kabelstränge,ME,ME L,,78,N,N,078 - MLI_name,
79,1,2026,N,0079,079,Abgaskrümmer,ME,ME M,FB_Basis,79,N,N,079 - MLI_name,
80,0,2026,N,0080,080,Abgaskrümmer,ME,ME M,,80,N,N,080 - MLI_name,
81,1,2026,N,0081,081,Zyl-Kopfdicht.Saetze,ME,ME M,FB_Basis,81,N,N,081 - MLI_name,
82,1,2026,N,0082,082,Konsolen und Abdeckungen,CO,CO L,,82,N,N,082 - MLI_name,
83,1,2026,N,0083,083,Zyl-Kopfhaubendichtg,ME,ME M,FB_Basis,83,N,N,083 - MLI_name,
84,1,2026,N,0084,084,Sonst.Motordichtungen,ME,ME H,FB_KGr,84,N,N,084 - MLI_name,
85,1,2026,N,0085,085,Scheinwerfer,CO,CO OE,FB_KGr,85,N,N,085 - MLI_name,
86,0,2026,N,0086,086,Rückleuchtenträger und Gläser getönt,CO,CO L,,86,N,N,086 - MLI_name,
87,1,2026,N,0087,087,Schlussleuchten & -Glaeser,CO,CO OE,FB_KGr,87,N,N,087 - MLI_name,
88,1,2026,N,0088,088,Zuendkabel,ME,ME M,FB_Basis,88,N,N,088 - MLI_name,
89,0,2026,N,0089,089,Zuendkabel,ME,ME M,,89,N,N,089 - MLI_name,
90,1,2026,N,0090,090,Lenksaeulenschalter,ME,ME M,FB_Basis,90,N,N,090 - MLI_name,
91,1,2026,N,0091,091,FMC Man. Hint-Achsgetr. (W),ME,ME M,FB_Basis,91,N,N,091 - MLI_name,
92,1,2026,N,0092,092,FMC Autom. Hint-Achsgetr (W),ME,ME M,,92,N,N,092 - MLI_name,
93,1,2026,N,0093,093,FMC Man. Vord-Achsgetr. (W),ME,ME M,FB_Basis,93,N,N,093 - MLI_name,
94,1,2026,N,0094,094,FMC Autom Vord-Achsgetr. (W),ME,ME M,,94,N,N,094 - MLI_name,
95,1,2026,N,0095,095,FMC Lenkungen (W),ME,ME H,FB_KGr,95,N,N,095 - MLI_name,
96,1,2026,N,0096,096,FMC Antriebswellen (W),ME,ME H,FB_KGr,96,N,N,096 - MLI_name,
97,1,2026,N,0097,097,ABS Teile,ME,ME M,FB_Basis,97,N,N,097 - MLI_name,
98,1,2026,N,0098,098,Reifen,SG,SG M,FB_Plus,98,N,N,098 - MLI_name,CB
99,1,2026,N,0099,099,FMC Katalysator,ME,ME M,FB_Basis,99,N,N,099 - MLI_name,
100,1,2026,N,0100,100,Gluehkerzen,ME,ME H,FB_KGr,100,N,N,100 - MLI_name,
101,0,2026,N,0101,101,Gluehkerzen,ME,ME H,,101,N,N,101 - MLI_name,
102,1,2026,N,0102,102,Oelfilter,ME,ME H,FB_KGr,102,N,N,102 - MLI_name,
103,1,2026,N,0103,103,Stossdaempfer,ME,ME H,FB_KGr,103,N,N,103 - MLI_name,
104,1,2026,N,0104,104,Kombiinstrumente,ME,ME L,,104,N,N,104 - MLI_name,
105,1,2026,N,0105,105,Auspufftoepfe,ME,ME M,FB_Basis,105,N,N,105 - MLI_name,
106,0,2026,N,0106,106,Auspufftoepfe,ME,ME M,,106,N,N,106 - MLI_name,
107,1,2026,N,0107,107,Kuehlerschlaeuche,ME,ME L,,107,N,N,107 - MLI_name,
108,1,2026,N,0108,108,Komponenten Zylinderkopf,ME,ME M,,108,N,N,108 - MLI_name,
109,1,2026,N,0109,109,Keilriemen,ME,ME H,FB_KGr,109,N,N,109 - MLI_name,
110,1,2026,N,0110,110,Spurstangenendstuecke,ME,ME M,FB_Basis,110,N,N,110 - MLI_name,
111,1,2026,N,0111,111,Thermostate,ME,ME M,FB_Basis,111,N,N,111 - MLI_name,
112,1,2026,N,0112,112,FMC Nfz Kreuzgelenksaetze (W),ME,ME M,FB_Basis,112,N,N,112 - MLI_name,
113,1,2026,N,0113,113,Sensor & Modul Einparkhlf.,CO,CO L,,113,N,N,113 - MLI_name,
114,1,2026,N,0114,114,Nfz Antriebswellen,ME,ME M,FB_Basis,114,N,N,114 - MLI_name,
115,0,2026,N,0115,115,Nfz Antriebswellen,ME,ME M,,115,N,N,115 - MLI_name,
116,1,2026,N,0116,116,MC Gluehlampen,ME,ME M,FB_Basis,116,N,N,116 - MLI_name,
117,1,2026,N,0117,117,Hauptbremszylinder,ME,ME M,FB_Basis,117,N,N,117 - MLI_name,
118,1,2026,N,0118,118,Radbremszylinder,ME,ME M,FB_Basis,118,N,N,118 - MLI_name,
119,1,2026,N,0119,119,Wasserpumpen,ME,ME H,FB_KGr,119,N,N,119 - MLI_name,
120,1,2026,N,0120,120,Winter-Komplettraeder,SG,SG M,WKR,120,N,N,120 - MLI_name,
121,1,2026,N,0121,121,Reifenreparatur Satz,ME,ME M,,121,N,N,121 - MLI_name,
122,1,2026,N,0122,122,Zuendspulen,ME,ME M,FB_Basis,122,N,N,122 - MLI_name,
123,1,2026,N,0123,123,Radmuttern,ME,ME M,,123,N,N,123 - MLI_name,
124,1,2026,N,0124,124,Stahlfelgen,CO,CO OE,FB_KGr,124,N,N,124 - MLI_name,
125,1,2026,N,0125,125,Krst.Pumpen &-Rep.Saetze,ME,ME M,FB_Basis,125,N,N,125 - MLI_name,
126,0,2026,N,0126,126,Krst.Pumpen &-Rep.Saetze,ME,ME M,,126,N,N,126 - MLI_name,
127,1,2026,N,0127,127,Kuehler,CO,CO OE,FB_KGr,127,N,N,127 - MLI_name,
128,1,2026,N,0128,128,Stahlstossstangen,CO,CO L,,128,N,N,128 - MLI_name,
129,1,2026,N,0129,129,Windschutzscheiben unbeheizt,CO,CO OE,FB_KGr,129,N,N,129 - MLI_name,
130,1,2026,N,0130,130,FPP Komplettraeder,SG,AC M,,130,N,N,130 - MLI_name,
131,1,2026,N,0131,131,Auspuffteile,ME,ME M,FB_Basis,131,N,N,131 - MLI_name,
132,1,2026,N,0132,132,Luftfilter,ME,ME H,FB_KGr,132,N,N,132 - MLI_name,
133,0,2026,N,0133,133,Luftfilter,ME,ME H,,133,N,N,133 - MLI_name,
134,0,2026,N,0134,134,,,0,,134,N,N,134 -MLI_name,
135,0,2026,N,0135,135,,,0,,135,N,N,135 -MLI_name,
136,1,2026,N,0136,136,Kameras,CO,CO L,,136,N,N,136 - MLI_name,
137,1,2026,N,0137,137,Sonst. Aussenspiegelteile,CO,CO L,,137,N,N,137 - MLI_name,
138,1,2026,N,0138,138,Getriebelager,ME,ME L,,138,N,N,138 - MLI_name,
139,1,2026,N,0139,139,Windschutzscheiben beheizt,CO,CO OE,FB_KGr,139,N,N,139 - MLI_name,
140,1,2026,N,0140,140,Wischerarme,ME,ME L,,140,N,N,140 - MLI_name,
141,1,2026,N,0141,141,Dieselkraftstoffilter,ME,ME H,FB_KGr,141,N,N,141 - MLI_name,
142,1,2026,N,0142,142,Notradsaetze,ME,ME L,,142,N,N,142 - MLI_name,
143,1,2026,N,0143,143,TPMS,ME,ME H,FB_KGr,143,N,N,143 - MLI_name,
144,1,2026,N,0144,144,FMC Turbolader (W),ME,ME H,FB_KGr,144,N,N,144 - MLI_name,
145,1,2026,N,0145,145,Pumpe Servolenkung,ME,ME M,FB_Basis,145,N,N,145 - MLI_name,
146,1,2026,N,0146,146,FMC Kupplungssätze (3-tlg.),ME,ME H,FB_KGr,146,N,N,146 - MLI_name,
147,0,2026,N,0147,147,FMC Kupplungssätze (3-tlg.),ME,ME H,,147,N,N,147 - MLI_name,
148,1,2026,N,0148,148,Kühlerventilatoren,ME,ME M,FB_Basis,148,N,N,148 - MLI_name,
149,1,2026,N,0149,149,Zahnriemen / Steuerketten,ME,ME H,FB_KGr,149,N,N,149 - MLI_name,
150,0,2026,N,0150,150,Zahnriemen / Steuerketten,ME,ME H,,150,N,N,150 - MLI_name,
151,0,2026,N,0151,151,FCSD Reifen,ME,ME L,,151,N,N,151 - MLI_name,
152,0,2026,N,0152,152,,,0,,152,N,N,152 -MLI_name,
153,0,2026,N,0153,153,,,0,,153,N,N,153 -MLI_name,
154,0,2026,N,0154,154,,ME,ME L,,154,N,N,154 -MLI_name,
155,1,2026,N,0155,155,Sensor & Modul Fahrass.,CO,CO L,,155,N,N,155 - MLI_name,
156,0,2026,N,0156,156,Sensor & Modul Fahrass.,ME,CO L,,156,N,N,156 - MLI_name,
157,1,2026,N,0157,157,Anlasser,ME,ME H,FB_KGr,157,N,N,157 - MLI_name,
158,1,2026,N,0158,158,FMC Anlasser (W),ME,ME H,FB_KGr,158,N,N,158 - MLI_name,
159,0,2026,N,0159,159,FMC Anlasser (W),ME,ME H,,159,N,N,159 - MLI_name,
160,0,2026,N,0160,160,,,0,,160,N,N,160 -MLI_name,
161,1,2026,N,0161,161,Sitzteile,CO,CO L,,161,N,N,161 - MLI_name,
162,1,2026,N,0162,162,48 Volt Startergenerator,ME,ME M,,162,N,N,162 - MLI_name,
163,0,2026,N,0163,163,48 Volt Startergenerator,ME,ME M,,163,N,N,163 - MLI_name,
164,1,2026,N,0164,164,Lichtmaschinen,ME,ME H,FB_KGr,164,N,N,164 - MLI_name,
165,1,2026,N,0165,165,FMC Lichtmaschinen (W),ME,ME H,FB_KGr,165,N,N,165 - MLI_name,
166,1,2026,N,0166,166,FMC Pumpe Servolenkung (W),ME,ME M,FB_Basis,166,N,N,166 - MLI_name,
167,0,2026,N,0167,167,FMC Pumpe Servolenkung (W),ME,ME M,,167,N,N,167 - MLI_name,
168,0,2026,N,0168,168,CFT Automatikgetriebe Oel,ME,ME L,,168,N,N,168 - MLI_name,
169,0,2026,N,0169,169,,,0,,169,N,N,169 -MLI_name,
170,0,2026,N,0170,170,,,0,,170,N,N,170 -MLI_name,
171,1,2026,N,0171,171,Reinigungs-U.Pflegemittel,ME,ME M,FB_Basis,171,N,N,171 - MLI_name,
172,1,2026,N,0172,172,Frostschutz-Kühlmittel,ME,ME H,FB_KGr,172,N,N,172 - MLI_name,
173,1,2026,N,0173,173,Einstellb.St.Daempfer,ME,ME M,FB_Basis,173,N,N,173 - MLI_name,
174,0,2026,N,0174,174,Einstellb.St.Daempfer,ME,ME M,,174,N,N,174 - MLI_name,
175,1,2026,N,0175,175,Gelenkwellen,ME,ME L,,175,N,N,175 - MLI_name,
176,1,2026,Y,0176,176,SB Ford-Castrol Motoröl,SG,SG M,FB_Plus,176,N,N,176 - MLI_name,
177,1,2026,N,0177,177,Sicherungen,ME,ME M,FB_Basis,177,N,N,177 - MLI_name,
178,1,2026,N,0178,178,FMC Fead Sätze,ME,ME M,FB_Basis,178,N,N,178 - MLI_name,
179,0,2026,N,0179,179,FMC Fead Sätze,ME,ME M,,179,N,N,179 - MLI_name,
180,0,2026,N,0180,180,,,0,,180,N,N,180 -MLI_name,
181,1,2026,N,0181,181,Powertr CTRL-Module alte App,ME,ME L,,181,N,N,181 - MLI_name,
182,1,2026,N,0182,182,Antriebsstrang-CTRL-Module,ME,ME L,,182,N,N,182 - MLI_name,
183,1,2026,N,0183,183,Benzinkraftstoffilter,ME,ME H,FB_KGr,183,N,N,183 - MLI_name,
184,1,2026,N,0184,184,Fernbedienung,CO,CO OE,FB_Basis,184,N,N,184 - MLI_name,
185,0,2026,N,0185,185,Fernbedienung,CO,CO OE,,185,N,N,185 - MLI_name,
186,1,2026,N,0186,186,FMC Radlagersatz,ME,ME M,FB_Basis,186,N,N,186 - MLI_name,
187,1,2026,N,0187,187,Standard Zündkerzen,ME,ME H,FB_KGr,187,N,N,187 - MLI_name,
188,1,2026,N,0188,188,Abgas-Partikelfilter,ME,ME M,,188,N,N,188 - MLI_name,
189,1,2026,Y,0189,189,SB Castrol Motoröl,SG,SG M,FB_Plus,189,N,N,189 - MLI_name,
190,0,2026,Y,0190,190,SB Castrol Motoröl,SG,SG M,,190,N,N,190 - MLI_name,
191,1,2026,Y,0191,191,SB FMC Motoröl,SG,SG M,FB_Plus,191,N,N,191 - MLI_name,
192,1,2026,N,0192,192,Radlagersaetze,ME,ME H,FB_KGr,192,N,N,192 - MLI_name,
193,1,2026,N,0193,193,Ford Batterie,ME,ME H,FB_KGr,193,N,N,193 - MLI_name,
194,0,2026,N,0194,194,Ford Batterie,ME,ME H,,194,N,N,194 - MLI_name,
195,1,2026,N,0195,195,Kupplungssatz,ME,ME H,FB_KGr,195,N,N,195 - MLI_name,
196,0,2026,N,0196,196,Ford Kupplungssätze (2-tlg.),ME,ME H,,196,N,N,196 - MLI_name,
197,1,2026,N,0197,197,FMC Batterie,ME,ME H,FB_KGr,197,N,N,197 - MLI_name,
198,1,2026,N,0198,198,Kupplungsdrucklager,ME,ME H,FB_KGr,198,N,N,198 - MLI_name,
199,0,2026,N,0199,199,Kupplungsdrucklager,ME,ME H,,199,N,N,199 - MLI_name,
200,1,2026,N,0200,200,Steuermodul,ME,ME L,,200,N,N,200 - MLI_name,
201,1,2026,N,0201,201,Antriebsstrang und Nebenaggregate Teile,ME,ME L,,201,N,N,201 - MLI_name,
202,1,2026,N,0202,202,Hego Sensors,ME,ME M,FB_Basis,202,N,N,202 - MLI_name,
203,0,2026,N,0203,203,Hego Sensors,ME,ME M,,203,N,N,203 - MLI_name,
204,1,2026,N,0204,204,FMC Stoßdämpfersatz,ME,ME H,FB_KGr,204,N,N,204 - MLI_name,
205,1,2026,N,0205,205,Lacksprühdosen Spraymax,CO,CO OE,FB_Basis,205,N,N,205 - MLI_name,
206,1,2026,N,0206,206,Konventionelle Spezialteile,ME,ME L,,206,N,N,206 - MLI_name,
207,0,2026,N,0207,207,Konventionelle Spezialteile,ME,ME L,,207,N,N,207 - MLI_name,
208,0,2026,N,0208,208,,,0,,208,N,N,208 -MLI_name,
209,0,2026,N,0209,209,,,0,,209,N,N,209 -MLI_name,
210,0,2026,N,0210,210,,,0,,210,N,N,210 -MLI_name,
211,0,2026,N,0211,211,,,0,,211,N,N,211 -MLI_name,
212,0,2026,N,0212,212,,ME,ME H,,212,N,N,212 -MLI_name,
213,0,2026,N,0213,213,,ME,ME H,,213,N,N,213 -MLI_name,
214,0,2026,N,0214,214,,,0,,214,N,N,214 -MLI_name,
215,0,2026,N,0215,215,,,0,,215,N,N,215 -MLI_name,
216,0,2026,N,0216,216,,,0,,216,N,N,216 -MLI_name,
217,0,2026,N,0217,217,,,0,,217,N,N,217 -MLI_name,
218,0,2026,N,0218,218,,,0,,218,N,N,218 -MLI_name,
219,1,2026,N,0219,219,Ford Wasserpumpen & Zahnriemen Kits,ME,ME H,FB_KGr,219,N,N,219 - MLI_name,
220,0,2026,N,0220,220,Ford Wasserpumpen & Zahnriemen Kits,ME,ME H,,220,N,N,220 - MLI_name,
221,0,2026,N,0221,221,,,0,,221,N,N,221 -MLI_name,
222,0,2026,N,0222,222,,,0,,222,N,N,222 -MLI_name,
223,1,2026,N,0223,223,Ford OE Wischerblätter,ME,ME H,FB_KGr,223,N,N,223 - MLI_name,
224,0,2026,N,0224,224,Ford OE Wischerblätter,ME,ME H,,224,N,N,224 - MLI_name,
225,0,2026,N,0225,225,,,0,,225,N,N,225 -MLI_name,
226,0,2026,N,0226,226,,,0,,226,N,N,226 -MLI_name,
227,1,2026,N,0227,227,FMC Kuehler,CO,CO C,,227,N,N,227 - MLI_name,
228,0,2026,N,0228,228,FMC Kuehler,CO,CO C,,228,N,N,228 - MLI_name,
229,1,2026,N,0229,229,FMC Wasserpumpen & Zahnriemen Kits,ME,ME H,FB_KGr,229,N,N,229 - MLI_name,
230,0,2026,N,0230,230,FMC Wasserpumpen & Zahnriemen Kits,ME,ME H,,230,N,N,230 - MLI_name,
231,0,2026,N,0231,231,,,0,,231,N,N,231 -MLI_name,
232,0,2026,N,0232,232,,,0,,232,N,N,232 -MLI_name,
233,0,2026,N,0233,233,FMC Querlenker/Stabilisatoren-Kits,ME,ME H,,233,N,N,233 - MLI_name,
234,0,2026,N,0234,234,FMC Querlenker/Stabilisatoren-Kits,ME,ME H,,234,N,N,234 - MLI_name,
235,0,2026,N,0235,235,FMC Kugelgelenk/-Kopf,ME,ME H,,235,N,N,235 - MLI_name,
236,0,2026,N,0236,236,,,0,,236,N,N,236 -MLI_name,
237,0,2026,N,0237,237,,,0,,237,N,N,237 -MLI_name,
238,0,2026,N,0238,238,,,0,,238,N,N,238 -MLI_name,
239,0,2026,N,0239,239,,,0,,239,N,N,239 -MLI_name,
240,0,2026,N,0240,240,,,0,,240,N,N,240 -MLI_name,
241,0,2026,N,0241,241,,,0,,241,N,N,241 -MLI_name,
242,0,2026,N,0242,242,,,0,,242,N,N,242 -MLI_name,
243,0,2026,N,0243,243,,,0,,243,N,N,243 -MLI_name,
244,0,2026,N,0244,244,,,0,,244,N,N,244 -MLI_name,
245,0,2026,N,0245,245,,,0,,245,N,N,245 -MLI_name,
246,1,2026,N,0246,246,EOC Kupplungs-Kit,ME,ME M,,246,N,N,246 - MLI_name,
247,0,2026,N,0247,247,EOC Kupplungs-Kit,ME,ME M,,247,N,N,247 - MLI_name,
248,0,2026,N,0248,248,,,0,,248,N,N,248 -MLI_name,
249,0,2026,N,0249,249,,,0,,249,N,N,249 -MLI_name,
250,0,2026,N,0250,250,,,0,,250,N,N,250 -MLI_name,
251,0,2026,N,0251,251,,,0,,251,N,N,251 -MLI_name,
252,0,2026,N,0252,252,,,0,,252,N,N,252 -MLI_name,
253,0,2026,N,0253,253,,,0,,253,N,N,253 -MLI_name,
254,1,2026,N,0254,254,FMC Aufhängungsteile Auspuff,ME,ME M,FB_Basis,254,N,N,254 - MLI_name,
255,0,2026,N,0255,255,FMC Aufhängungsteile Auspuff,ME,ME M,,255,N,N,255 - MLI_name,
256,0,2026,N,0256,256,,,0,,256,N,N,256 -MLI_name,
257,0,2026,N,0257,257,,,0,,257,N,N,257 -MLI_name,
258,0,2026,N,0258,258,,,0,,258,N,N,258 -MLI_name,
259,0,2026,N,0259,259,,,0,,259,N,N,259 -MLI_name,
260,0,2026,N,0260,260,,,0,,260,N,N,260 -MLI_name,
261,0,2026,N,0261,261,,,0,,261,N,N,261 -MLI_name,
262,0,2026,N,0262,262,,,0,,262,N,N,262 -MLI_name,
263,0,2026,N,0263,263,,,0,,263,N,N,263 -MLI_name,
264,0,2026,N,0264,264,,,0,,264,N,N,264 -MLI_name,
265,0,2026,N,0265,265,,,0,,265,N,N,265 -MLI_name,
266,0,2026,N,0266,266,,,0,,266,N,N,266 -MLI_name,
267,0,2026,N,0267,267,,,0,,267,N,N,267 -MLI_name,
268,0,2026,N,0268,268,,ME,ME H,,268,N,N,268 -MLI_name,
269,0,2026,N,0269,269,,ME,ME H,,269,N,N,269 -MLI_name,
270,0,2026,N,0270,270,,,0,,270,N,N,270 -MLI_name,
271,1,2026,N,0271,271,FMC Benzinmotoren (W),ME,ME M,,271,N,N,271 - MLI_name,
272,1,2026,N,0272,272,FMC Dieselmotoren (W),ME,ME M,,272,N,N,272 - MLI_name,
273,0,2026,N,0273,273,FMC Dieselmotoren (W),ME,ME M,,273,N,N,273 - MLI_name,
274,0,2026,N,0274,274,,,0,,274,N,N,274 -MLI_name,
275,0,2026,N,0275,275,,,0,,275,N,N,275 -MLI_name,
276,0,2026,N,0276,276,,,0,,276,N,N,276 -MLI_name,
277,0,2026,N,0277,277,,,0,,277,N,N,277 -MLI_name,
278,0,2026,N,0278,278,,,0,,278,N,N,278 -MLI_name,
279,0,2026,N,0279,279,,,0,,279,N,N,279 -MLI_name,
280,0,2026,N,0280,280,,,0,,280,N,N,280 -MLI_name,
281,0,2026,N,0281,281,,,0,,281,N,N,281 -MLI_name,
282,0,2026,N,0282,282,,,0,,282,N,N,282 -MLI_name,
283,0,2026,N,0283,283,,,0,,283,N,N,283 -MLI_name,
284,0,2026,N,0284,284,,,0,,284,N,N,284 -MLI_name,
285,1,2026,N,0285,285,Aktivkohlefilter Standard,ME,ME H,FB_KGr,285,N,N,285 - MLI_name,
286,1,2026,N,0286,286,FMC Scheinwerfer,CO,CO OE,FB_KGr,286,N,N,286 - MLI_name,
287,0,2026,N,0287,287,FMC Scheinwerfer,CO,CO OE,,287,N,N,287 - MLI_name,
288,1,2026,N,0288,288,FMC Reman-Abgaspartikelfilter,ME,ME H,FB_KGr,288,N,N,288 - MLI_name,
289,0,2026,N,0289,289,FMC Reman-Abgaspartikelfilter,ME,ME H,,289,N,N,289 - MLI_name,
290,0,2026,N,0290,290,,,0,,290,N,N,290 -MLI_name,
291,0,2026,N,0291,291,,,0,,291,N,N,291 -MLI_name,
292,0,2026,N,0292,292,,,0,,292,N,N,292 -MLI_name,
293,1,2026,N,0293,293,Batterie Electric Fzg.,ME,ME L,,293,N,N,293 - MLI_name,
294,0,2026,N,0294,294,Batterie Electric Fzg.,ME,ME L,,294,N,N,294 - MLI_name,
295,1,2026,N,0295,295,MHEV-Batterien,ME,ME L,,295,N,N,295 - MLI_name,
296,1,2026,N,0296,296,Elektrik-Fzg Sonstige Teile,ME,ME L,,296,N,N,296 - MLI_name,
297,1,2026,N,0297,297,Einzigartige EV Teile,ME,ME L,,297,N,N,297 - MLI_name,
298,0,2026,N,0298,298,Einzigartige EV Teile,ME,ME L,,298,N,N,298 - MLI_name,
299,0,2026,N,0299,299,,,0,,299,N,N,299 -MLI_name,
300,1,2026,N,0300,300,Benzinmotoren,ME,ME L,,300,N,N,300 - MLI_name,
301,1,2026,N,0301,301,Dieselmotoren,ME,ME L,,301,N,N,301 - MLI_name,
302,1,2026,N,0302,302,PHEV-Batterien,ME,ME L,,302,N,N,302 - MLI_name,
303,1,2026,N,0303,303,EV Zellmodule und Pakete,ME,ME L,,303,N,N,303 - MLI_name,
304,1,2026,N,0304,304,FHEV-Batterien,ME,ME L,,304,N,N,304 - MLI_name,
305,0,2026,N,0305,305,FHEV-Batterien,CO,ME L,,305,N,N,305 - MLI_name,
306,0,2026,N,0306,306,,,0,,306,N,N,306 -MLI_name,
307,0,2026,N,0307,307,,,0,,307,N,N,307 -MLI_name,
308,0,2026,N,0308,308,,,0,,308,N,N,308 -MLI_name,
309,0,2026,N,0309,309,,,0,,309,N,N,309 -MLI_name,
310,0,2026,N,0310,310,,,0,,310,N,N,310 -MLI_name,
311,0,2026,N,0311,311,,,0,,311,N,N,311 -MLI_name,
312,0,2026,N,0312,312,,,0,,312,N,N,312 -MLI_name,
313,0,2026,N,0313,313,,,0,,313,N,N,313 -MLI_name,
314,0,2026,N,0314,314,,,0,,314,N,N,314 -MLI_name,
315,0,2026,N,0315,315,,,0,,315,N,N,315 -MLI_name,
316,0,2026,N,0316,316,,,0,,316,N,N,316 -MLI_name,
317,0,2026,N,0317,317,,,0,,317,N,N,317 -MLI_name,
318,0,2026,N,0318,318,,,0,,318,N,N,318 -MLI_name,
319,1,2026,N,0319,319,Refurbierung der BEV-Batterie,ME,ME L,,319,N,N,319 - MLI_name,
320,1,2026,N,0320,320,FMC Auspuffteile (Ausl.),ME,ME M,,320,N,N,320 - MLI_name,
321,0,2026,N,0321,321,FMC Auspuffteile (Ausl.),ME,ME M,,321,N,N,321 - MLI_name,
322,1,2026,N,0322,322,Bremsscheiben LZ-2,ME,ME H,FB_KGr,322,N,N,322 - MLI_name,
323,1,2026,N,0323,323,PHEV Batterien Refubishment,ME,ME H,,323,N,N,323 - MLI_name,
324,1,2026,N,0324,324,FMC Antriebsstrang (Ausl.),ME,ME M,,324,N,N,324 - MLI_name,
325,0,2026,N,0325,325,FMC Antriebsstrang (Ausl.),ME,ME M,,325,N,N,325 - MLI_name,
326,1,2026,N,0326,326,Refurbished EV Zellmodule und Pakete,ME,ME H,,326,N,N,326 - MLI_name,
327,1,2026,N,0327,327,EV Antriebsmotor-Baugruppen,ME,ME L,,327,N,N,327 - MLI_name,
328,0,2026,N,0328,328,EV Antriebsmotor-Baugruppen,ME,ME L,,328,N,N,328 - MLI_name,
329,1,2026,N,0329,329,FMC Wasserpumpen Kit,ME,ME H,FB_KGr,329,N,N,329 - MLI_name,
330,0,2026,N,0330,330,FMC Wasserpumpen,ME,ME H,,330,N,N,330 - MLI_name,
331,0,2026,N,0331,331,,CO,CO C,,331,N,N,331 -MLI_name,
332,0,2026,N,0332,332,,CO,CO C,,332,N,N,332 -MLI_name,
333,0,2026,N,0333,333,,CO,CO C,,333,N,N,333 -MLI_name,
334,1,2026,N,0334,334,Wischermotoren & -pumpen,ME,ME M,FB_Basis,334,N,N,334 - MLI_name,
335,0,2026,N,0335,335,Wischermotoren & -pumpen,ME,ME M,,335,N,N,335 - MLI_name,
336,0,2026,N,0336,336,,,0,,336,N,N,336 -MLI_name,
337,0,2026,N,0337,337,,,0,,337,N,N,337 -MLI_name,
338,0,2026,N,0338,338,,,0,,338,N,N,338 -MLI_name,
339,0,2026,N,0339,339,,,0,,339,N,N,339 -MLI_name,
340,0,2026,N,0340,340,,,0,,340,N,N,340 -MLI_name,
341,0,2026,N,0341,341,,,0,,341,N,N,341 -MLI_name,
342,0,2026,N,0342,342,,,0,,342,N,N,342 -MLI_name,
343,0,2026,N,0343,343,,,0,,343,N,N,343 -MLI_name,
344,0,2026,N,0344,344,,,0,,344,N,N,344 -MLI_name,
345,0,2026,N,0345,345,,,0,,345,N,N,345 -MLI_name,
346,0,2026,N,0346,346,,,0,,346,N,N,346 -MLI_name,
347,0,2026,N,0347,347,,,0,,347,N,N,347 -MLI_name,
348,0,2026,N,0348,348,,,0,,348,N,N,348 -MLI_name,
349,0,2026,N,0349,349,,,0,,349,N,N,349 -MLI_name,
350,0,2026,N,0350,350,,,0,,350,N,N,350 -MLI_name,
351,0,2026,N,0351,351,,,0,,351,N,N,351 -MLI_name,
352,0,2026,N,0352,352,,,0,,352,N,N,352 -MLI_name,
353,0,2026,N,0353,353,,,0,,353,N,N,353 -MLI_name,
354,0,2026,N,0354,354,,,0,,354,N,N,354 -MLI_name,
355,0,2026,N,0355,355,,,0,,355,N,N,355 -MLI_name,
356,0,2026,N,0356,356,,,0,,356,N,N,356 -MLI_name,
357,0,2026,N,0357,357,,,0,,357,N,N,357 -MLI_name,
358,1,2026,N,0358,358,Spiegelabdeckungen,CO,CO C,FB_KGr,358,N,N,358 - MLI_name,
359,0,2026,N,0359,359,Spiegelabdeckungen,CO,CO C,,359,N,N,359 - MLI_name,
360,0,2026,N,0360,360,Aussenspiegel,CO,CO C,,360,N,N,360 - MLI_name,
361,0,2026,N,0361,361,,,0,,361,N,N,361 -MLI_name,
362,0,2026,N,0362,362,,,0,,362,N,N,362 -MLI_name,
363,0,2026,N,0363,363,,,0,,363,N,N,363 -MLI_name,
364,0,2026,N,0364,364,,,0,,364,N,N,364 -MLI_name,
365,0,2026,N,0365,365,,,0,,365,N,N,365 -MLI_name,
366,0,2026,N,0366,366,,,0,,366,N,N,366 -MLI_name,
367,0,2026,N,0367,367,,,0,,367,N,N,367 -MLI_name,
368,0,2026,N,0368,368,,,0,,368,N,N,368 -MLI_name,
369,0,2026,N,0369,369,,,0,,369,N,N,369 -MLI_name,
370,0,2026,N,0370,370,FMC Lichtrep (Ausl.),ME,ME M,,370,N,N,370 - MLI_name,
371,0,2026,N,0371,371,FMC Lichtrep (Ausl.),ME,ME M,,371,N,N,371 - MLI_name,
372,0,2026,N,0372,372,,,0,,372,N,N,372 -MLI_name,
373,0,2026,N,0373,373,,,0,,373,N,N,373 -MLI_name,
374,0,2026,N,0374,374,,,0,,374,N,N,374 -MLI_name,
375,0,2026,N,0375,375,,,0,,375,N,N,375 -MLI_name,
376,0,2026,N,0376,376,,,0,,376,N,N,376 -MLI_name,
377,0,2026,N,0377,377,,,0,,377,N,N,377 -MLI_name,
378,0,2026,N,0378,378,,,0,,378,N,N,378 -MLI_name,
379,0,2026,N,0379,379,,,0,,379,N,N,379 -MLI_name,
380,0,2026,N,0380,380,,,0,,380,N,N,380 -MLI_name,
381,0,2026,N,0381,381,,,0,,381,N,N,381 -MLI_name,
382,0,2026,N,0382,382,,,0,,382,N,N,382 -MLI_name,
383,0,2026,N,0383,383,,,0,,383,N,N,383 -MLI_name,
384,0,2026,N,0384,384,,,0,,384,N,N,384 -MLI_name,
385,1,2026,N,0385,385,Aktivkohlefilter Plus,ME,ME H,FB_KGr,385,N,N,385 - MLI_name,
386,0,2026,N,0386,386,Aktivkohlefilter Plus,ME,ME H,,386,N,N,386 - MLI_name,
387,0,2026,N,0387,387,,,0,,387,N,N,387 -MLI_name,
388,0,2026,N,0388,388,,,0,,388,N,N,388 -MLI_name,
389,0,2026,N,0389,389,,,0,,389,N,N,389 -MLI_name,
390,0,2026,N,0390,390,,,0,,390,N,N,390 -MLI_name,
391,0,2026,N,0391,391,,,0,,391,N,N,391 -MLI_name,
392,0,2026,N,0392,392,,,0,,392,N,N,392 -MLI_name,
393,0,2026,N,0393,393,,,0,,393,N,N,393 -MLI_name,
394,0,2026,N,0394,394,,,0,,394,N,N,394 -MLI_name,
395,0,2026,N,0395,395,,,0,,395,N,N,395 -MLI_name,
396,0,2026,N,0396,396,,,0,,396,N,N,396 -MLI_name,
397,0,2026,N,0397,397,,,0,,397,N,N,397 -MLI_name,
398,0,2026,N,0398,398,,,0,,398,N,N,398 -MLI_name,
399,0,2026,N,0399,399,,,0,,399,N,N,399 -MLI_name,
400,1,2026,N,0400,400,Kotfluegel LZ-1,CO,CO C,,400,N,N,400 - MLI_name,
401,1,2026,N,0401,401,Seitentueren Vorne,CO,CO L,,401,N,N,401 - MLI_name,
402,1,2026,N,0402,402,Motorhauben LZ-1,CO,CO C,,402,N,N,402 - MLI_name,
403,1,2026,N,0403,403,Kuehlergrills LZ-1,CO,CO C,,403,N,N,403 - MLI_name,
404,0,2026,N,0404,404,Kofferraumdeckel,CO,CO L,,404,N,N,404 - MLI_name,
405,1,2026,N,0405,405,Seitenwaende,CO,CO L,,405,N,N,405 - MLI_name,
406,1,2026,N,0406,406,Tuerschweller,CO,CO L,,406,N,N,406 - MLI_name,
407,1,2026,N,0407,407,Motorbloecke,ME,ME L,,407,N,N,407 - MLI_name,
408,1,2026,N,0408,408,Antriebswellen,ME,ME H,FB_KGr,408,N,N,408 - MLI_name,
409,1,2026,N,0409,409,Differentialgetriebe,ME,ME L,,409,N,N,409 - MLI_name,
410,1,2026,N,0410,410,Hint.Achse F.Hint-Antr,ME,ME L,,410,N,N,410 - MLI_name,
411,1,2026,N,0411,411,Man. Hinterachsgetriebe,ME,ME L,,411,N,N,411 - MLI_name,
412,1,2026,N,0412,412,FMC Motorbloecke (W),ME,ME M,,412,N,N,412 - MLI_name,
413,1,2026,N,0413,413,Autom. Hinterachsgetriebe,ME,ME L,,413,N,N,413 - MLI_name,
414,0,2026,N,0414,414,Autom. Hinterachsgetriebe,ME,ME L,,414,N,N,414 - MLI_name,
415,1,2026,N,0415,415,Lenkungen,ME,ME H,FB_KGr,415,N,N,415 - MLI_name,
416,0,2026,N,0416,416,Lenkungen,ME,ME H,,416,N,N,416 - MLI_name,
417,1,2026,N,0417,417,Heckklappen,CO,CO L,,417,N,N,417 - MLI_name,
418,0,2026,N,0418,418,Heckklappen,CO,CO L,,418,N,N,418 - MLI_name,
419,1,2026,N,0419,419,Tueraussenbleche,CO,CO L,,419,N,N,419 - MLI_name,
420,1,2026,N,0420,420,Spezial Getriebeteile,ME,ME L,,420,N,N,420 - MLI_name,
421,1,2026,N,0421,421,Motortraeger LZ-1,CO,CO C,,421,N,N,421 - MLI_name,
422,0,2026,N,0422,422,Motortraeger LZ-1,CO,CO C,,422,N,N,422 - MLI_name,
423,1,2026,N,0423,423,Man. Vorderachsgetriebe,ME,ME L,,423,N,N,423 - MLI_name,
424,0,2026,N,0424,424,Man. Vorderachsgetriebe,ME,ME L,,424,N,N,424 - MLI_name,
425,1,2026,N,0425,425,Autom. Vorderachsgetriebe,ME,ME L,,425,N,N,425 - MLI_name,
426,1,2026,N,0426,426,EGR-Ventil,ME,ME H,FB_KGr,426,N,N,426 - MLI_name,
427,1,2026,N,0427,427,FMC Egr Ventil (W),ME,ME H,FB_KGr,427,N,N,427 - MLI_name,
428,0,2026,N,0428,428,FMC Egr Ventil (W),ME,ME H,,428,N,N,428 - MLI_name,
429,1,2026,N,0429,429,Hinterachsen,ME,ME L,,429,N,N,429 - MLI_name,
430,1,2026,N,0430,430,Stossfaenger LZ-1,CO,CO C,,430,N,N,430 - MLI_name,
431,1,2026,N,0431,431,Sonst. Handbremsteile,ME,ME L,,431,N,N,431 - MLI_name,
432,1,2026,N,0432,432,Sonst. Teile Aufhaengung,ME,ME M,FB_Basis,432,N,N,432 - MLI_name,
433,1,2026,N,0433,433,Verdampfer,ME,ME L,,433,N,N,433 - MLI_name,
434,1,2026,N,0434,434,Sonst.Vord.Radaufh.Teil,ME,ME M,FB_Basis,434,N,N,434 - MLI_name,
435,1,2026,N,0435,435,Sonst.Hint.Radaufh.Teil,ME,ME M,FB_Basis,435,N,N,435 - MLI_name,
436,1,2026,N,0436,436,FMC Fahrwerksteile,ME,ME M,FB_Basis,436,N,N,436 - MLI_name,
437,1,2026,N,0437,437,Motor/Abgasregelungsteile,ME,ME M,FB_Basis,437,N,N,437 - MLI_name,
438,0,2026,N,0438,438,Motor/Abgasregelungsteile,ME,ME M,,438,N,N,438 - MLI_name,
439,1,2026,N,0439,439,Kraftstoffbehaelter,ME,ME L,,439,N,N,439 - MLI_name,
440,1,2026,N,0440,440,Zylinderkoepfe,ME,ME L,,440,N,N,440 - MLI_name,
441,1,2026,N,0441,441,Kunststoffstoßstange Nische,CO,ME H,,441,N,N,441 - MLI_name,
442,0,2026,N,0442,442,,ME,ME H,,442,N,N,442 -MLI_name,
443,1,2026,N,0443,443,Ansaugkrümmer,ME,ME L,,443,N,N,443 - MLI_name,
444,1,2026,N,0444,444,Motorschmierung,ME,ME M,FB_Basis,444,N,N,444 - MLI_name,
445,1,2026,N,0445,445,Antriebswellenteile,ME,ME M,FB_Basis,445,N,N,445 - MLI_name,
446,1,2026,N,0446,446,Hinterachsteile & Antriebsteile,ME,ME L,,446,N,N,446 - MLI_name,
447,1,2026,N,0447,447,Zahnraeder,ME,ME L,,447,N,N,447 - MLI_name,
448,1,2026,N,0448,448,Synchronnaben &-Teile,ME,ME L,,448,N,N,448 - MLI_name,
449,1,2026,N,0449,449,Motorhaubenteile,CO,CO L,,449,N,N,449 - MLI_name,
450,1,2026,N,0450,450,Hintere Tueren,CO,CO L,,450,N,N,450 - MLI_name,
451,1,2026,N,0451,451,Seitenwandteile,CO,CO L,,451,N,N,451 - MLI_name,
452,1,2026,N,0452,452,Steinschl.Bl.Teile Vorne,CO,CO L,,452,N,N,452 - MLI_name,
453,1,2026,N,0453,453,Bodenbleche,CO,CO L,,453,N,N,453 - MLI_name,
454,1,2026,N,0454,454,Fensterrahmen- & Bef.Teil,CO,CO C,FB_KGr,454,N,N,454 - MLI_name,
455,1,2026,N,0455,455,Sonst.Stossst.-Teile,CO,CO L,,455,N,N,455 - MLI_name,
456,1,2026,N,0456,456,Zweimassenschwungrad,ME,ME H,FB_KGr,456,N,N,456 - MLI_name,
457,1,2026,N,0457,457,Zierstreifen,CO,CO L,,457,N,N,457 - MLI_name,
458,1,2026,N,0458,458,Tuergriffe,CO,CO L,,458,N,N,458 - MLI_name,
459,1,2026,N,0459,459,Karosseriedichtungen,CO,CO L,,459,N,N,459 - MLI_name,
460,1,2026,N,0460,460,Sitze Vorne,CO,CO L,,460,N,N,460 - MLI_name,
461,1,2026,N,0461,461,Instr.Bretter/Konsolen,CO,CO L,,461,N,N,461 - MLI_name,
462,1,2026,N,0462,462,Rueckwandbleche,CO,CO L,,462,N,N,462 - MLI_name,
463,0,2026,N,0463,463,Rueckwandbleche,CO,CO L,,463,N,N,463 - MLI_name,
464,1,2026,N,0464,464,Trim Teile,CO,CO L,,464,N,N,464 - MLI_name,
465,1,2026,N,0465,465,Tuer/Kofferr./Heckkl.Teile,CO,CO L,,465,N,N,465 - MLI_name,
466,1,2026,N,0466,466,Airbags,CO,CO L,,466,N,N,466 - MLI_name,
467,1,2026,N,0467,467,Sonstige Stossfaengerteile,CO,CO C,,467,N,N,467 - MLI_name,
468,1,2026,N,0468,468,Sitze Hinten,CO,CO L,,468,N,N,468 - MLI_name,
469,0,2026,N,0469,469,Sitze Hinten,CO,CO L,,469,N,N,469 - MLI_name,
470,1,2026,N,0470,470,Ergaenzungsteile Stossdaempfer,ME,ME M,FB_Basis,470,N,N,470 - MLI_name,
471,1,2026,N,0471,471,Verbindungsstange Stabilisator,ME,ME M,FB_Basis,471,N,N,471 - MLI_name,
472,1,2026,N,0472,472,Ergaenzungsteile Querlenker,ME,ME M,FB_Basis,472,N,N,472 - MLI_name,
473,1,2026,N,0473,473,Einmassenschwungrad,ME,ME M,FB_Basis,473,N,N,473 - MLI_name,
474,1,2026,N,0474,474,FMC Zweimassenschwungrad (W),ME,ME M,FB_Basis,474,N,N,474 - MLI_name,
475,1,2026,N,0475,475,Lenksaeule,ME,ME L,,475,N,N,475 - MLI_name,
476,1,2026,N,0476,476,Lenkrad,ME,ME L,,476,N,N,476 - MLI_name,
477,1,2026,N,0477,477,Leitungen Lenkung,ME,ME L,,477,N,N,477 - MLI_name,
478,1,2026,N,0478,478,Sonstige Karosserie Teile,CO,CO L,,478,N,N,478 - MLI_name,
479,0,2026,N,0479,479,INTERN Schlüsselrohlinge,CO,CO L,,479,N,N,479 - MLI_name,
480,1,2026,N,0480,480,Schlüsselrohlinge,CO,CO OE,FB_Basis,480,N,N,480 - MLI_name,
481,1,2026,N,0481,481,Sonst. Kupplungsteile,ME,ME M,FB_Basis,481,N,N,481 - MLI_name,
482,1,2026,N,0482,482,Sonst. Kuehlungsteile,ME,ME M,FB_Basis,482,N,N,482 - MLI_name,
483,1,2026,N,0483,483,Verkleidung Radhaus,CO,CO C,FB_Basis,483,N,N,483 - MLI_name,
484,1,2026,N,0484,484,Drehmomentwandler Autom.Getr.,ME,ME L,,484,N,N,484 - MLI_name,
485,0,2026,N,0485,485,Drehmomentwandler Autom.Getr.,ME,ME L,,485,N,N,485 - MLI_name,
486,1,2026,N,0486,486,Sonst. Verschl.-Teile,ME,ME L,,486,N,N,486 - MLI_name,
487,1,2026,N,0487,487,Sonstige Motorteile,ME,ME M,FB_Basis,487,N,N,487 - MLI_name,
488,1,2026,N,0488,488,Sonst. Antriebsteile,ME,ME L,,488,N,N,488 - MLI_name,
489,1,2026,N,0489,489,Sonstige Verkleidungs Teile,CO,CO L,,489,N,N,489 - MLI_name,
490,1,2026,N,0490,490,Fahrwerk Tieferlegungsteile,ME,ME L,,490,N,N,490 - MLI_name,
491,1,2026,N,0491,491,Service-Inspektions-Kits,ME,ME H,FB_KGr,491,N,N,491 - MLI_name,
492,0,2026,N,0492,492,Service-Inspektions-Kits,ME,ME H,,492,N,N,492 - MLI_name,
493,0,2026,N,0493,493,,,0,,493,N,N,493 -MLI_name,
494,0,2026,N,0494,494,,,0,,494,N,N,494 -MLI_name,
495,0,2026,N,0495,495,,,0,,495,N,N,495 -MLI_name,
496,0,2026,N,0496,496,,,0,,496,N,N,496 -MLI_name,
497,0,2026,N,0497,497,,,0,,497,N,N,497 -MLI_name,
498,0,2026,N,0498,498,,,0,,498,N,N,498 -MLI_name,
499,0,2026,N,0499,499,,,0,,499,N,N,499 -MLI_name,
500,1,2026,N,0500,500,Satz Clipse,CO,CO L,,500,N,N,500 - MLI_name,
501,1,2026,N,0501,501,Kaross.Rep.-Material,CO,CO OE,FB_Basis,501,N,N,501 - MLI_name,
502,1,2026,N,0502,502,Motorhauben LZ-2,CO,CO C,FB_KGr,502,N,N,502 - MLI_name,
503,1,2026,N,0503,503,Sicherheitsgurte,CO,CO L,,503,N,N,503 - MLI_name,
504,0,2026,N,0504,504,Sicherheitsgurte,CO,CO L,,504,N,N,504 - MLI_name,
505,1,2026,N,0505,505,Radzierblenden,AC,AC M,FB_Basis,505,N,N,505 - MLI_name,
506,1,2026,N,0506,506,Kotfluegel LZ-2,CO,CO C,FB_KGr,506,N,N,506 - MLI_name,
507,1,2026,N,0507,507,Kuehlergrills LZ-2,CO,CO C,FB_KGr,507,N,N,507 - MLI_name,
508,1,2026,N,0508,508,Motortraeger LZ-2,CO,CO C,FB_KGr,508,N,N,508 - MLI_name,
509,0,2026,N,0509,509,Motortraeger LZ-2,CO,CO C,,509,N,N,509 - MLI_name,
510,1,2026,N,0510,510,Kopfstuetzen,CO,CO L,,510,N,N,510 - MLI_name,
511,0,2026,N,0511,511,Kopfstuetzen,CO,CO L,,511,N,N,511 - MLI_name,
512,1,2026,N,0512,512,Fussmatten,AC,AC H,FB_KGr,512,N,N,512 - MLI_name,
513,1,2026,N,0513,513,Fussmatten Gummi,AC,AC H,FB_KGr,513,N,N,513 - MLI_name,
514,1,2026,N,0514,514,Schmutzfaenger,AC,AC M,FB_Basis,514,N,N,514 - MLI_name,
515,0,2026,N,0515,515,Schmutzfaenger,AC,AC M,,515,N,N,515 - MLI_name,
516,1,2026,N,0516,516,Innenspiegel,CO,CO L,,516,N,N,516 - MLI_name,
517,1,2026,N,0517,517,Lackstifte,CO,CO OE,FB_Basis,517,N,N,517 - MLI_name,
518,1,2026,N,0518,518,Dachgepaecktraegersys.,AC,AC M,FB_Basis,518,N,N,518 - MLI_name,
519,1,2026,N,0519,519,Anhaengerkupplungen,AC,AC M,FB_Basis,519,N,N,519 - MLI_name,
520,1,2026,N,0520,520,Sonst.Sicherheitszub.,AC,AC M,FB_Basis,520,N,N,520 - MLI_name,
521,1,2026,N,0521,521,Schwenkbare Anhaengerkupp.,AC,AC M,FB_Basis,521,N,N,521 - MLI_name,
522,1,2026,N,0522,522,Bremsfluessigkeit,ME,ME H,FB_KGr,522,N,N,522 - MLI_name,
523,1,2026,N,0523,523,Getriebe- und Hydraulikoel,ME,ME L,,523,N,N,523 - MLI_name,
524,1,2026,Y,0524,524,SB Ford Motoröl,SG,SG M,FB_Plus,524,N,N,524 - MLI_name,
525,1,2026,N,0525,525,MultiMedia- und Audiosysteme,ME,ME L,,525,N,N,525 - MLI_name,
526,1,2026,N,0526,526,Satz Antr.-Manschetten,ME,ME M,FB_Basis,526,N,N,526 - MLI_name,
527,1,2026,N,0527,527,"Transportsysteme, Einzelteile",AC,AC L,,527,N,N,527 - MLI_name,
528,1,2026,N,0528,528,OC Bremsbacken,ME,ME H,Omnicraft,528,N,N,528 - MLI_name,
529,0,2026,N,0529,529,OC Bremsbacken,ME,ME H,Omnicraft,529,N,N,529 - MLI_name,
530,1,2026,N,0530,530,SB Reparaturlacke,SG,SG CO,,530,N,N,530 - MLI_name,CB
531,1,2026,N,0531,531,E-Mobility Zubehör,AC,AC M,,531,N,N,531 - MLI_name,
532,1,2026,N,0532,532,Abstandwarner,AC,AC L,,532,N,N,532 - MLI_name,
533,1,2026,N,0533,533,Radzierblendensaetze,AC,AC M,FB_Basis,533,N,N,533 - MLI_name,
534,1,2026,N,0534,534,Unterbodenteile,CO,CO L,,534,N,N,534 - MLI_name,
535,0,2026,N,0535,535,Unterbodenteile,CO,CO L,,535,N,N,535 - MLI_name,
536,1,2026,N,0536,536,Ford GT Ersatzteile,ME,ME L,,536,N,N,536 - MLI_name,
537,1,2026,N,0537,537,OC Koppelstangen,ME,ME H,Omnicraft,537,N,N,537 - MLI_name,
538,0,2026,N,0538,538,OC Koppelstangen,ME,ME H,Omnicraft,538,N,N,538 - MLI_name,
539,1,2026,N,0539,539,Ford Life Style Collection,AC,AC M,,539,N,N,539 - MLI_name,CB
540,1,2026,N,0540,540,Leichtmetallräder,AC,AC M,FB_Basis,540,N,N,540 - MLI_name,
541,0,2026,N,0541,541,Leichtmetallräder,AC,AC M,,541,N,N,541 - MLI_name,
542,1,2026,N,0542,542,Karosserieanbauteile,AC,AC M,FB_Basis,542,N,N,542 - MLI_name,
543,1,2026,N,0543,543,OC Querlenker,ME,ME H,Omnicraft,543,N,N,543 - MLI_name,
544,1,2026,N,0544,544,Sonstige Anbauteile,AC,AC L,,544,N,N,544 - MLI_name,
545,1,2026,N,0545,545,Sonstiges Zubehoer Innen,AC,AC M,FB_Basis,545,N,N,545 - MLI_name,
546,0,2026,N,0546,546,Sonstiges Zubehoer Innen,AC,AC M,,546,N,N,546 - MLI_name,
547,1,2026,N,0547,547,Gepäckraummatten,AC,AC M,FB_Basis,547,N,N,547 - MLI_name,
548,1,2026,N,0548,548,OC Spurstangen,ME,ME H,Omnicraft,548,N,N,548 - MLI_name,
549,1,2026,N,0549,549,Zusatzheizung,AC,AC L,,549,N,N,549 - MLI_name,
550,1,2026,N,0550,550,OC Leuchtmittel,ME,ME H,Omnicraft,550,N,N,550 - MLI_name,
551,1,2026,N,0551,551,Doppelkupplungs-Getriebeoel,ME,ME M,FB_Basis,551,N,N,551 - MLI_name,
552,1,2026,N,0552,552,OC Tpms,ME,ME H,Omnicraft,552,N,N,552 - MLI_name,
553,1,2026,N,0553,553,Aussenspiegel LZ-2,CO,CO C,FB_KGr,553,N,N,553 - MLI_name,
554,1,2026,N,0554,554,Navigationssystem-Updates,ME,ME M,,554,N,N,554 - MLI_name,
555,1,2026,N,0555,555,OC Bremssattel,ME,ME H,Omnicraft,555,N,N,555 - MLI_name,
556,1,2026,N,0556,556,Elektrische Einzelteile,AC,AC M,FB_Basis,556,N,N,556 - MLI_name,
557,1,2026,N,0557,557,Effektstreifen,CO,CO L,,557,N,N,557 - MLI_name,
558,1,2026,N,0558,558,FMC Wischer,ME,ME H,FB_KGr,558,N,N,558 - MLI_name,
559,1,2026,N,0559,559,Aussenspiegel LZ-1,CO,CO C,,559,N,N,559 - MLI_name,
560,1,2026,N,0560,560,OC Bremsschläuche,ME,ME H,Omnicraft,560,N,N,560 - MLI_name,
561,1,2026,N,0561,561,Lautsprecher,ME,ME L,,561,N,N,561 - MLI_name,
562,1,2026,N,0562,562,Connectivity-Navi. Module,ME,ME L,,562,N,N,562 - MLI_name,
563,0,2026,N,0563,563,Connectivity-Navi. Module,ME,ME L,,563,N,N,563 - MLI_name,
564,1,2026,N,0564,564,Sync Navigationsmodul Refubishment,ME,ME H,,564,N,N,564 - MLI_name,
565,0,2026,N,0565,565,,ME,ME H,,565,N,N,565 -MLI_name,
566,1,2026,N,0566,566,Abnehmbare Anh.-Kupplung,AC,AC M,FB_Basis,566,N,N,566 - MLI_name,
567,1,2026,N,0567,567,Stossfaenger LZ-2,CO,CO C,FB_KGr,567,N,N,567 - MLI_name,
568,1,2026,N,0568,568,Radschloesser,AC,AC M,FB_Basis,568,N,N,568 - MLI_name,
569,0,2026,N,0569,569,Radschloesser,AC,AC M,,569,N,N,569 - MLI_name,
570,1,2026,N,0570,570,Elektrobausatz Anh.-Kupplung,AC,AC M,FB_Basis,570,N,N,570 - MLI_name,
571,1,2026,N,0571,571,Ford Navigationssysteme,ME,ME L,,571,N,N,571 - MLI_name,
572,1,2026,N,0572,572,Werkstatt Chemikalien,ME,ME M,FB_Basis,572,N,N,572 - MLI_name,
573,0,2026,N,0573,573,Werkstatt Chemikalien,ME,ME M,,573,N,N,573 - MLI_name,
574,0,2026,N,0574,574,non-FOG MLI,SG,SG CO,,574,N,N,574 - MLI_name,
575,0,2026,N,0575,575,non-FOG MLI,AC,AC SB,,575,N,N,575 - MLI_name,
576,1,2026,N,0576,576,SB Heckträger (AHK-Montage),AC,AC SB,,576,N,N,576 - MLI_name,
577,1,2026,N,0577,577,SBA Sicherheit,AC,0,,577,N,N,577 - MLI_name,
578,0,2026,N,0578,578,SBA Sicherheit,AC,AC SB,,578,N,N,578 - MLI_name,
579,1,2026,N,0579,579,Ford Zubehör Sell Out,AC,0,,579,N,N,579 - MLI_name,
580,1,2026,N,0580,580,SB Zubehör Sell Out,AC,0,,580,N,N,580 - MLI_name,
581,1,2026,N,0581,581,Digitale Innovations Produkte,AC,0,FB_Basis,581,N,N,581 - MLI_name,
582,0,2026,N,0582,582,Digitale Innovations Produkte,AC,AC M,,582,N,N,582 - MLI_name,
583,1,2026,N,0583,583,Kunststoffstoßstange,CO,0,FB_KGr,583,N,N,583 - MLI_name,
584,1,2026,N,0584,584,FPP Sportauspuff,AC,0,,584,N,N,584 - MLI_name,
585,1,2026,N,0585,585,FPP Gewindefahrwerk,AC,0,,585,N,N,585 - MLI_name,
586,1,2026,N,0586,586,FPP Premium Teile,AC,0,,586,N,N,586 - MLI_name,
587,1,2026,N,0587,587,FPP Alufelgen,AC,0,,587,N,N,587 - MLI_name,
588,1,2026,N,0588,588,Neue Getriebesteuerteile,ME,0,,588,N,N,588 - MLI_name,
589,1,2026,N,0589,589,FPP Styling interior/exterior,AC,0,,589,N,N,589 - MLI_name,
590,1,2026,N,0590,590,Sonstige Audioteile,ME,0,,590,N,N,590 - MLI_name,
591,1,2026,N,0591,591,Sonst. Zubehoerteile,AC,0,,591,N,N,591 - MLI_name,
592,1,2026,N,0592,592,OC Lambdasonde,ME,0,Omnicraft,592,N,N,592 - MLI_name,
593,1,2026,N,0593,593,Gepäckraumtrennetze/ -gitter,AC,0,FB_Basis,593,N,N,593 - MLI_name,
594,0,2026,N,0594,594,Gepäckraumtrennetze/ -gitter,AC,AC M,,594,N,N,594 - MLI_name,
595,1,2026,N,0595,595,Einstiegleisten,AC,0,FB_Basis,595,N,N,595 - MLI_name,
596,1,2026,N,0596,596,Schmierstoffe,ME,0,,596,N,N,596 - MLI_name,
597,0,2026,N,0597,597,Schmierstoffe,ME,ME L,,597,N,N,597 - MLI_name,
598,1,2026,N,0598,598,FMC Gluehlampensaetze,ME,0,FB_Basis,598,N,N,598 - MLI_name,
599,1,2026,N,0599,599,OTHER MAKES PARTS,SG,0,,599,N,N,599 - MLI_name,
600,1,2026,N,0600,600,SB Styling Zubehör (C.B.),AC,0,,600,N,N,600 - MLI_name,
601,1,2026,N,0601,601,SB Sonstiges Zubehör (C.B.),AC,0,,601,N,N,601 - MLI_name,
602,1,2026,N,0602,602,Motorhauben  ältere Fahrzeuge,CO,0,FB_KGr,602,N,N,602 - MLI_name,
603,1,2026,N,0603,603,SB Umbauten Mod-Center (C.B.),AC,0,,603,N,N,603 - MLI_name,
604,1,2026,N,0604,604,Seitentür ältere Fahrzeuge,CO,0,,604,N,N,604 - MLI_name,
605,1,2026,N,0605,605,SB Federn und Tieferlegung,AC,0,,605,N,N,605 - MLI_name,
606,1,2026,N,0606,606,SB Fahrzeugschutz,AC,0,,606,N,N,606 - MLI_name,
607,1,2026,N,0607,607,SB Styling Zubehör,AC,0,,607,N,N,607 - MLI_name,
608,1,2026,N,0608,608,Kühlergrill ältere Fahrzeuge,CO,0,FB_KGr,608,N,N,608 - MLI_name,
609,1,2026,N,0609,609,Türverkleidung ältere Fahrzeuge,CO,0,,609,N,N,609 - MLI_name,
610,1,2026,N,0610,610,SB Standheizungen,AC,0,,610,N,N,610 - MLI_name,
611,1,2026,N,0611,611,Nfz-Transportsysteme,AC,0,FB_Basis,611,N,N,611 - MLI_name,
612,1,2026,N,0612,612,Sonstige Beleuchtungsteile ältere Fahrzeuge,CO,0,FB_KGr,612,N,N,612 - MLI_name,
613,1,2026,N,0613,613,OC Steuerriemen,ME,0,Omnicraft,613,N,N,613 - MLI_name,
614,1,2026,N,0614,614,OC Thermostate,ME,0,Omnicraft,614,N,N,614 - MLI_name,
615,1,2026,N,0615,615,SB Windabweiser/ Sonnenblenden,AC,0,,615,N,N,615 - MLI_name,
616,1,2026,N,0616,616,Kotflügel ältere Fahrzeuge,CO,0,FB_KGr,616,N,N,616 - MLI_name,
617,1,2026,N,0617,617,Stossfänger grundiert ältere Fahrzeuge,CO,0,FB_KGr,617,N,N,617 - MLI_name,
618,1,2026,N,0618,618,SB Dachgepaecktraeger,AC,0,,618,N,N,618 - MLI_name,
619,1,2026,N,0619,619,SB Anhaengevorrichtung,AC,0,,619,N,N,619 - MLI_name,
620,0,2026,N,0620,620,SB Anhaengevorrichtung,AC,AC SB,,620,N,N,620 - MLI_name,
621,1,2026,N,0621,621,OC Wasserpumpen,ME,0,Omnicraft,621,N,N,621 - MLI_name,
622,1,2026,N,0622,622,SB Nfz Transportzubehör,AC,0,,622,N,N,622 - MLI_name,
623,1,2026,N,0623,623,Zubehör Packete,AC,0,FB_Basis,623,N,N,623 - MLI_name,
624,1,2026,N,0624,624,Lackierte Stossfaenger LZ-2,CO,0,FB_Basis,624,N,N,624 - MLI_name,
625,1,2026,N,0625,625,SB Audiosysteme,AC,0,,625,N,N,625 - MLI_name,
626,1,2026,N,0626,626,Scheinwerfer ältere Fahrzeuge,CO,0,FB_KGr,626,N,N,626 - MLI_name,
627,0,2026,N,0627,627,,AC,AC SB,,627,N,N,627 -MLI_name,
628,1,2026,N,0628,628,OC Kupplungssatz,ME,0,Omnicraft,628,N,N,628 - MLI_name,
629,0,2026,N,0629,629,OC Kupplungssatz,ME,ME H,Omnicraft,629,N,N,629 - MLI_name,
630,1,2026,N,0630,630,SB Glas-Reparaturmaterial,SG,0,,630,N,N,630 - MLI_name,CB
631,1,2026,N,0631,631,FMC Stossdaempfer Rep-Satz,ME,0,FB_Basis,631,N,N,631 - MLI_name,
632,1,2026,Y,0632,632,SB OC Motoröl,ME,0,FB_Plus,632,N,N,632 - MLI_name,
633,1,2026,N,0633,633,Stossfänger ältere Fahrzeuge,CO,0,FB_KGr,633,N,N,633 - MLI_name,
634,1,2026,N,0634,634,Lackierte Stossfänger ältere Fahrzeuge,CO,0,FB_Basis,634,N,N,634 - MLI_name,
635,1,2026,N,0635,635,OC Naben und Lager,ME,0,Omnicraft,635,N,N,635 - MLI_name,
636,1,2026,N,0636,636,SB Abstandwarner,AC,0,,636,N,N,636 - MLI_name,
637,1,2026,N,0637,637,Xenon Scheinwerfer ältere Fahrzeuge,CO,0,FB_KGr,637,N,N,637 - MLI_name,
638,0,2026,N,0638,638,,AC,AC SB,,638,N,N,638 -MLI_name,
639,1,2026,N,0639,639,FLA TRANSPORTATION,AC,0,,639,N,N,639 - MLI_name,
640,1,2026,N,0640,640,FLA PROTECTION,AC,0,,640,N,N,640 - MLI_name,
641,0,2026,N,0641,641,SB Aluminiumraeder,AC,AC SB,,641,N,N,641 - MLI_name,
642,1,2026,N,0642,642,OC Zuendkerzen,ME,0,Omnicraft,642,N,N,642 - MLI_name,
643,0,2026,N,0643,643,OC Zuendkerzen,ME,ME H,Omnicraft,643,N,N,643 - MLI_name,
644,1,2026,N,0644,644,OC Keilrippenriemen,ME,0,Omnicraft,644,N,N,644 - MLI_name,
645,1,2026,N,0645,645,Partco non Ford Programm,SG,0,,645,N,N,645 - MLI_name,
646,0,2026,N,0646,646,Partco non Ford Programm,SG,SG CO,,646,N,N,646 - MLI_name,
647,0,2026,N,0647,647,,,0,,647,N,N,647 -MLI_name,
648,0,2026,N,0648,648,,,0,,648,N,N,648 -MLI_name,
649,0,2026,N,0649,649,,ME,0,,649,N,N,649 -MLI_name,
650,1,2026,N,0650,650,FMC Zahnriemen Kits,ME,0,FB_KGr,650,N,N,650 - MLI_name,
651,0,2026,N,0651,651,FMC Zahnriemen Kits,ME,ME H,,651,N,N,651 - MLI_name,
652,0,2026,N,0652,652,SB Navigationssyteme,AC,0,,652,N,N,652 - MLI_name,
653,0,2026,N,0653,653,SB Navigationssyteme,AC,AC SB,,653,N,N,653 - MLI_name,
654,1,2026,N,0654,654,SB Navigationssystem-Updates,AC,0,,654,N,N,654 - MLI_name,
655,0,2026,N,0655,655,SB Navigationssystem-Updates,AC,AC SB,,655,N,N,655 - MLI_name,
656,0,2026,N,0656,656,SB Elektrische Einzelteile,AC,0,,656,N,N,656 - MLI_name,
657,1,2026,N,0657,657,SB Sonstige Innenraumteile,AC,0,,657,N,N,657 - MLI_name,
658,1,2026,N,0658,658,SB Scheibenwaschflüssigkeit,ME,0,FB_Basis,658,N,N,658 - MLI_name,
659,0,2026,N,0659,659,SB Scheibenwaschflüssigkeit,ME,ME M,,659,N,N,659 - MLI_name,
660,0,2026,N,0660,660,SB Sicherheit/Erste Hilfe,AC,0,,660,N,N,660 - MLI_name,
661,0,2026,N,0661,661,SB Sicherheit/Erste Hilfe,AC,AC SB,,661,N,N,661 - MLI_name,
662,1,2026,N,0662,662,SB Infotainment,AC,0,,662,N,N,662 - MLI_name,CB
663,0,2026,N,0663,663,SB Infotainment,AC,AC SB,,663,N,N,663 - MLI_name,
664,0,2026,N,0664,664,SB Freisprechsysteme,AC,AC SB,,664,N,N,664 - MLI_name,
665,0,2026,N,0665,665,SB Alarmsysteme,AC,AC SB,,665,N,N,665 - MLI_name,
666,0,2026,N,0666,666,SB Alarmsysteme,AC,AC SB,,666,N,N,666 - MLI_name,
667,0,2026,N,0667,667,,,0,,667,N,N,667 -MLI_name,
668,1,2026,N,0668,668,MC Adblue,ME,0,Omnicraft,668,N,N,668 - MLI_name,
669,0,2026,N,0669,669,OC Adblue,ME,ME H,Omnicraft,669,N,N,669 - MLI_name,
670,0,2026,N,0670,670,,,0,,670,N,N,670 -MLI_name,
671,0,2026,N,0671,671,SB Werkstatt Material,AC,0,,671,N,N,671 - MLI_name,
672,1,2026,N,0672,672,MC Flüssigkeiten,ME,0,Omnicraft,672,N,N,672 - MLI_name,
673,1,2026,N,0673,673,MC Scheibenreiniger,ME,0,Omnicraft,673,N,N,673 - MLI_name,
674,0,2026,N,0674,674,OC Scheibenreiniger,ME,ME H,Omnicraft,674,N,N,674 - MLI_name,
675,0,2026,N,0675,675,,,0,,675,N,N,675 -MLI_name,
676,0,2026,N,0676,676,,,0,,676,N,N,676 -MLI_name,
677,0,2026,N,0677,677,,,0,,677,N,N,677 -MLI_name,
678,0,2026,N,0678,678,,,0,,678,N,N,678 -MLI_name,
679,0,2026,N,0679,679,,,0,,679,N,N,679 -MLI_name,
680,0,2026,N,0680,680,,,0,,680,N,N,680 -MLI_name,
681,0,2026,N,0681,681,,,0,,681,N,N,681 -MLI_name,
682,0,2026,N,0682,682,,AC,0,,682,N,N,682 -MLI_name,
683,1,2026,N,0683,683,Gas-Umrüstung/ Neuwagen (C.B.),AC,0,,683,N,N,683 - MLI_name,
684,1,2026,N,0684,684,Xenon Lampe,ME,0,FB_Basis,684,N,N,684 - MLI_name,
685,1,2026,N,0685,685,Xenon Scheinwerfer,CO,0,FB_KGr,685,N,N,685 - MLI_name,
686,0,2026,N,0686,686,Xenon Scheinwerfer,CO,CO OE,,686,N,N,686 - MLI_name,
687,0,2026,N,0687,687,,ME,ME H,,687,N,N,687 -MLI_name,
688,1,2026,N,0688,688,FMC Reman Transm Crtl Teile,ME,0,,688,N,N,688 - MLI_name,
689,0,2026,N,0689,689,FMC Reman Transm Crtl Teile,ME,ME L,,689,N,N,689 - MLI_name,
690,0,2026,N,0690,690,SB Sonstige Audio Teile,AC,AC SB,,690,N,N,690 - MLI_name,
691,1,2026,N,0691,691,Zubehör Camping,AC,AC SB,,691,N,N,691 - MLI_name,
692,0,2026,N,0692,692,Zubehör Camping,AC,AC SB,,692,N,N,692 - MLI_name,
693,0,2026,N,0693,693,,,0,,693,N,N,693 -MLI_name,
694,0,2026,N,0694,694,,,0,,694,N,N,694 -MLI_name,
695,1,2026,N,0695,695,Sondergeschäfte,ME,CO OE,,695,N,N,695 - MLI_name,
696,0,2026,N,0696,696,Sondergeschäfte,CO,CO OE,,696,N,N,696 - MLI_name,
697,0,2026,N,0697,697,,,0,,697,N,N,697 -MLI_name,
698,0,2026,N,0698,698,,,0,,698,N,N,698 -MLI_name,
699,1,2026,N,0699,699,SB Sonstiges Zubehör,AC,AC SB,,699,N,N,699 - MLI_name,
700,0,2026,N,0700,700,SB Sonstiges Zubehör,AC,AC SB,,700,N,N,700 - MLI_name,
701,1,2026,N,0701,701,OC Bremsscheiben,ME,ME H,Omnicraft,701,N,N,701 - MLI_name,
702,1,2026,N,0702,702,OC Bremsbeläge,ME,ME H,Omnicraft,702,N,N,702 - MLI_name,
703,1,2026,N,0703,703,OC Stoßdämpfer,ME,ME H,Omnicraft,703,N,N,703 - MLI_name,
704,1,2026,N,0704,704,Scheibenwaschfluessigkeit,ME,ME M,FB_Basis,704,N,N,704 - MLI_name,
705,1,2026,N,0705,705,Klimaanlagen Teile,ME,ME M,FB_Basis,705,N,N,705 - MLI_name,
706,1,2026,N,0706,706,OC Anlasser,ME,ME H,Omnicraft,706,N,N,706 - MLI_name,
707,1,2026,N,0707,707,Klimakompressor,ME,ME H,FB_KGr,707,N,N,707 - MLI_name,
708,1,2026,N,0708,708,FMC Klimakompressor (W),ME,ME H,FB_KGr,708,N,N,708 - MLI_name,
709,1,2026,N,0709,709,Kondensator Klima,ME,ME H,FB_KGr,709,N,N,709 - MLI_name,
710,1,2026,N,0710,710,Verdampfer,ME,ME M,FB_Basis,710,N,N,710 - MLI_name,
711,1,2026,N,0711,711,OC Generatoren / Lichtm.,ME,ME H,Omnicraft,711,N,N,711 - MLI_name,
712,1,2026,N,0712,712,Klimaanlagen Flüssigkeit,ME,ME M,FB_Basis,712,N,N,712 - MLI_name,
713,1,2026,N,0713,713,Klimaanl. Kuppl.&Riemenscheibe,ME,ME M,FB_Basis,713,N,N,713 - MLI_name,
714,0,2026,N,0714,714,Klimaanl. Kuppl.&Riemenscheibe,ME,ME M,,714,N,N,714 - MLI_name,
715,1,2026,N,0715,715,Heckklappendämpfer,CO,CO OE,FB_Basis,715,N,N,715 - MLI_name,
716,0,2026,N,0716,716,Heckklappendämpfer,CO,CO OE,,716,N,N,716 - MLI_name,
717,0,2026,N,0717,717,,,0,,717,N,N,717 -MLI_name,
718,0,2026,N,0718,718,,,0,,718,N,N,718 -MLI_name,
719,0,2026,N,0719,719,,,0,,719,N,N,719 -MLI_name,
720,0,2026,N,0720,720,,,0,,720,N,N,720 -MLI_name,
721,0,2026,N,0721,721,,,0,,721,N,N,721 -MLI_name,
722,0,2026,N,0722,722,,,0,,722,N,N,722 -MLI_name,
723,0,2026,N,0723,723,FMC Wischerblätter,ME,ME H,,723,N,N,723 - MLI_name,
724,0,2026,N,0724,724,FMC Wischerblätter,ME,ME H,,724,N,N,724 - MLI_name,
725,0,2026,N,0725,725,,,0,,725,N,N,725 -MLI_name,
726,0,2026,N,0726,726,,,0,,726,N,N,726 -MLI_name,
727,0,2026,N,0727,727,,,0,,727,N,N,727 -MLI_name,
728,0,2026,N,0728,728,,,0,,728,N,N,728 -MLI_name,
729,0,2026,N,0729,729,,,0,,729,N,N,729 -MLI_name,
730,1,2026,N,0730,730,Lackierte Kunststoffstossfaenger,CO,CO OE,,730,N,N,730 - MLI_name,
731,0,2026,N,0731,731,Lackierte Kunststoffstossfaenger,CO,CO OE,,731,N,N,731 - MLI_name,
732,0,2026,N,0732,732,Lackierte Stoßstangen,CO,CO OE,,732,N,N,732 - MLI_name,
733,0,2026,N,0733,733,,,0,,733,N,N,733 -MLI_name,
734,0,2026,N,0734,734,,,0,,734,N,N,734 -MLI_name,
735,0,2026,N,0735,735,,,0,,735,N,N,735 -MLI_name,
736,1,2026,N,0736,736,FPP Motorleistungssteigerung,AC,AC M,,736,N,N,736 - MLI_name,
737,0,2026,N,0737,737,FPP Motorleistungssteigerung,AC,AC M,,737,N,N,737 - MLI_name,
738,0,2026,N,0738,738,,,0,,738,N,N,738 -MLI_name,
739,0,2026,N,0739,739,,,0,,739,N,N,739 -MLI_name,
740,0,2026,N,0740,740,,,0,,740,N,N,740 -MLI_name,
741,0,2026,N,0741,741,,,0,,741,N,N,741 -MLI_name,
742,0,2026,N,0742,742,,,0,,742,N,N,742 -MLI_name,
743,0,2026,N,0743,743,,,0,,743,N,N,743 -MLI_name,
744,0,2026,N,0744,744,,,0,,744,N,N,744 -MLI_name,
745,0,2026,N,0745,745,,,0,,745,N,N,745 -MLI_name,
746,0,2026,N,0746,746,,,0,,746,N,N,746 -MLI_name,
747,0,2026,N,0747,747,,,0,,747,N,N,747 -MLI_name,
748,0,2026,N,0748,748,,,0,,748,N,N,748 -MLI_name,
749,0,2026,N,0749,749,,,0,,749,N,N,749 -MLI_name,
750,0,2026,N,0750,750,,,0,,750,N,N,750 -MLI_name,
751,1,2026,N,0751,751,MC Batterien,ME,ME H,FB_KGr,751,N,N,751 - MLI_name,
752,1,2026,N,0752,752,Nicht Gelagerte Teile US Kfz,XX,XX,,752,N,N,752 - MLI_name,
753,1,2026,N,0753,753,OC Ölfilter,ME,ME H,Omnicraft,753,N,N,753 - MLI_name,
754,1,2026,N,0754,754,OC Luftfilter,ME,ME H,Omnicraft,754,N,N,754 - MLI_name,
755,1,2026,N,0755,755,OC Innenraumfilter,ME,ME H,Omnicraft,755,N,N,755 - MLI_name,
756,1,2026,N,0756,756,Maverick Sonstige Teile,ME,ME L,,756,N,N,756 - MLI_name,
757,1,2026,N,0757,757,US Teile Sonstige,ME,ME L,,757,N,N,757 - MLI_name,
758,1,2026,N,0758,758,OC Kraftstofffilter,ME,ME H,Omnicraft,758,N,N,758 - MLI_name,
759,1,2026,N,0759,759,Teile nicht europäischer Fzg,ME,ME L,,759,N,N,759 - MLI_name,
760,1,2026,N,0760,760,J37G (Demio) Teile,ME,ME L,,760,N,N,760 - MLI_name,
761,1,2026,N,0761,761,MC Wischerblätter,ME,ME H,Omnicraft,761,N,N,761 - MLI_name,
762,0,2026,N,0762,762,OC Wischerblätter,ME,ME H,Omnicraft,762,N,N,762 - MLI_name,
763,1,2026,N,0763,763,SB Verbrauchsmaterial,SG,SG CO,FB_Plus,763,N,N,763 - MLI_name,CB
764,0,2026,N,0764,764,SB Verbrauchsmaterial,SG,SG CO,,764,N,N,764 - MLI_name,
765,0,2026,N,0765,765,,SG,SG CO,,765,N,N,765 -MLI_name,
766,0,2026,N,0766,766,,SG,SG CO,,766,N,N,766 -MLI_name,
767,0,2026,N,0767,767,,,0,,767,N,N,767 -MLI_name,
768,0,2026,N,0768,768,,,0,,768,N,N,768 -MLI_name,
769,0,2026,N,0769,769,,,0,,769,N,N,769 -MLI_name,
770,0,2026,N,0770,770,,,0,,770,N,N,770 -MLI_name,
771,0,2026,N,0771,771,,,0,,771,N,N,771 -MLI_name,
772,0,2026,N,0772,772,,,0,,772,N,N,772 -MLI_name,
773,0,2026,N,0773,773,,,0,,773,N,N,773 -MLI_name,
774,0,2026,N,0774,774,,,0,,774,N,N,774 -MLI_name,
775,0,2026,N,0775,775,,,0,,775,N,N,775 -MLI_name,
776,0,2026,N,0776,776,,,0,,776,N,N,776 -MLI_name,
777,0,2026,N,0777,777,,,0,,777,N,N,777 -MLI_name,
778,0,2026,N,0778,778,,,0,,778,N,N,778 -MLI_name,
779,0,2026,N,0779,779,,,0,,779,N,N,779 -MLI_name,
780,0,2026,N,0780,780,,,0,,780,N,N,780 -MLI_name,
781,0,2026,N,0781,781,,,0,,781,N,N,781 -MLI_name,
782,0,2026,N,0782,782,,,0,,782,N,N,782 -MLI_name,
783,0,2026,N,0783,783,,,0,,783,N,N,783 -MLI_name,
784,0,2026,N,0784,784,,,0,,784,N,N,784 -MLI_name,
785,0,2026,N,0785,785,,,0,,785,N,N,785 -MLI_name,
786,0,2026,N,0786,786,,,0,,786,N,N,786 -MLI_name,
787,0,2026,N,0787,787,,,0,,787,N,N,787 -MLI_name,
788,0,2026,N,0788,788,,,0,,788,N,N,788 -MLI_name,
789,0,2026,N,0789,789,,,0,,789,N,N,789 -MLI_name,
790,0,2026,N,0790,790,,,0,,790,N,N,790 -MLI_name,
791,0,2026,N,0791,791,,,0,,791,N,N,791 -MLI_name,
792,0,2026,N,0792,792,,,0,,792,N,N,792 -MLI_name,
793,0,2026,N,0793,793,,,0,,793,N,N,793 -MLI_name,
794,0,2026,N,0794,794,,,0,,794,N,N,794 -MLI_name,
795,0,2026,N,0795,795,,,0,,795,N,N,795 -MLI_name,
796,0,2026,N,0796,796,,,0,,796,N,N,796 -MLI_name,
797,0,2026,N,0797,797,,,0,,797,N,N,797 -MLI_name,
798,0,2026,N,0798,798,,,0,,798,N,N,798 -MLI_name,
799,0,2026,N,0799,799,,,0,,799,N,N,799 -MLI_name,
800,0,2026,N,0800,800,,,0,,800,N,N,800 -MLI_name,
801,0,2026,N,0801,801,,,0,,801,N,N,801 -MLI_name,
802,0,2026,N,0802,802,,,0,,802,N,N,802 -MLI_name,
803,0,2026,N,0803,803,,,0,,803,N,N,803 -MLI_name,
804,0,2026,N,0804,804,,,0,,804,N,N,804 -MLI_name,
805,0,2026,N,0805,805,,,0,,805,N,N,805 -MLI_name,
806,0,2026,N,0806,806,,,0,,806,N,N,806 -MLI_name,
807,0,2026,N,0807,807,,,0,,807,N,N,807 -MLI_name,
808,0,2026,N,0808,808,,,0,,808,N,N,808 -MLI_name,
809,0,2026,N,0809,809,,,0,,809,N,N,809 -MLI_name,
810,0,2026,N,0810,810,,,0,,810,N,N,810 -MLI_name,
811,0,2026,N,0811,811,,,0,,811,N,N,811 -MLI_name,
812,0,2026,N,0812,812,,,0,,812,N,N,812 -MLI_name,
813,0,2026,N,0813,813,,,0,,813,N,N,813 -MLI_name,
814,0,2026,N,0814,814,,,0,,814,N,N,814 -MLI_name,
815,0,2026,N,0815,815,,,0,,815,N,N,815 -MLI_name,
816,0,2026,N,0816,816,,,0,,816,N,N,816 -MLI_name,
817,0,2026,N,0817,817,,,0,,817,N,N,817 -MLI_name,
818,0,2026,N,0818,818,,,0,,818,N,N,818 -MLI_name,
819,0,2026,N,0819,819,,,0,,819,N,N,819 -MLI_name,
820,0,2026,N,0820,820,,,0,,820,N,N,820 -MLI_name,
821,0,2026,N,0821,821,,,0,,821,N,N,821 -MLI_name,
822,0,2026,N,0822,822,,,0,,822,N,N,822 -MLI_name,
823,0,2026,N,0823,823,,,0,,823,N,N,823 -MLI_name,
824,0,2026,N,0824,824,,,0,,824,N,N,824 -MLI_name,
825,0,2026,N,0825,825,,,0,,825,N,N,825 -MLI_name,
826,0,2026,N,0826,826,,,0,,826,N,N,826 -MLI_name,
827,0,2026,N,0827,827,,,0,,827,N,N,827 -MLI_name,
828,0,2026,N,0828,828,,,0,,828,N,N,828 -MLI_name,
829,0,2026,N,0829,829,,,0,,829,N,N,829 -MLI_name,
830,0,2026,N,0830,830,,,0,,830,N,N,830 -MLI_name,
831,0,2026,N,0831,831,,,0,,831,N,N,831 -MLI_name,
832,0,2026,N,0832,832,,,0,,832,N,N,832 -MLI_name,
833,0,2026,N,0833,833,,,0,,833,N,N,833 -MLI_name,
834,0,2026,N,0834,834,,,0,,834,N,N,834 -MLI_name,
835,0,2026,N,0835,835,,,0,,835,N,N,835 -MLI_name,
836,0,2026,N,0836,836,,,0,,836,N,N,836 -MLI_name,
837,0,2026,N,0837,837,,,0,,837,N,N,837 -MLI_name,
838,0,2026,N,0838,838,,,0,,838,N,N,838 -MLI_name,
839,0,2026,N,0839,839,,,0,,839,N,N,839 -MLI_name,
840,0,2026,N,0840,840,,,0,,840,N,N,840 -MLI_name,
841,0,2026,N,0841,841,,XX,XX,,841,N,N,841 -MLI_name,
842,0,2026,N,0842,842,,XX,XX,,842,N,N,842 -MLI_name,
843,0,2026,N,0843,843,,,0,,843,N,N,843 -MLI_name,
844,0,2026,N,0844,844,,,0,,844,N,N,844 -MLI_name,
845,0,2026,N,0845,845,,,0,,845,N,N,845 -MLI_name,
846,0,2026,N,0846,846,,,0,,846,N,N,846 -MLI_name,
847,0,2026,N,0847,847,,XX,XX,,847,N,N,847 -MLI_name,
848,0,2026,N,0848,848,,XX,XX,,848,N,N,848 -MLI_name,
849,0,2026,N,0849,849,,XX,XX,,849,N,N,849 -MLI_name,
850,0,2026,N,0850,850,,XX,XX,,850,N,N,850 -MLI_name,
851,0,2026,N,0851,851,,XX,XX,,851,N,N,851 -MLI_name,
852,0,2026,N,0852,852,,XX,XX,,852,Y,N,852 -MLI_name,
853,0,2026,N,0853,853,,XX,XX,,853,N,N,853 -MLI_name,
854,0,2026,N,0854,854,,XX,XX,,854,N,N,854 -MLI_name,
855,0,2026,N,0855,855,,XX,XX,,855,N,N,855 -MLI_name,
856,0,2026,N,0856,856,,XX,XX,,856,Y,N,856 -MLI_name,
857,0,2026,N,0857,857,,XX,XX,,857,Y,N,857 -MLI_name,
858,0,2026,N,0858,858,,XX,XX,,858,N,N,858 -MLI_name,
859,0,2026,N,0859,859,,XX,XX,,859,Y,N,859 -MLI_name,
860,0,2026,N,0860,860,,XX,XX,,860,Y,N,860 -MLI_name,
861,0,2026,N,0861,861,,XX,XX,,861,N,N,861 -MLI_name,
862,0,2026,N,0862,862,,XX,XX,,862,N,N,862 -MLI_name,
863,0,2026,N,0863,863,,XX,XX,,863,N,N,863 -MLI_name,
864,0,2026,N,0864,864,,XX,XX,,864,N,N,864 -MLI_name,
865,0,2026,N,0865,865,,XX,XX,,865,N,N,865 -MLI_name,
866,0,2026,N,0866,866,,,0,,866,N,N,866 -MLI_name,
867,0,2026,N,0867,867,,,0,,867,N,N,867 -MLI_name,
868,0,2026,N,0868,868,,,0,,868,N,N,868 -MLI_name,
869,0,2026,N,0869,869,,,0,,869,N,N,869 -MLI_name,
870,0,2026,N,0870,870,,XX,XX,,870,Y,N,870 -MLI_name,
871,0,2026,N,0871,871,,XX,XX,,871,Y,N,871 -MLI_name,
872,0,2026,N,0872,872,,,0,,872,N,N,872 -MLI_name,
873,0,2026,N,0873,873,,,0,,873,N,N,873 -MLI_name,
874,0,2026,N,0874,874,,,0,,874,N,N,874 -MLI_name,
875,0,2026,N,0875,875,,,0,,875,N,N,875 -MLI_name,
876,0,2026,N,0876,876,,,0,,876,N,N,876 -MLI_name,
877,0,2026,N,0877,877,,,0,,877,N,N,877 -MLI_name,
878,0,2026,N,0878,878,,,0,,878,N,N,878 -MLI_name,
879,0,2026,N,0879,879,,,0,,879,N,N,879 -MLI_name,
880,1,2026,N,0880,880,Spezielle Service-Kits,ME,ME M,,880,N,Y,880 - MLI_name,
881,0,2026,N,0881,881,Spezielle Service-Kits,ME,ME M,,881,N,Y,881 - MLI_name,
882,0,2026,N,0882,882,,,0,,882,N,N,882 -MLI_name,
883,0,2026,N,0883,883,,,0,,883,N,N,883 -MLI_name,
884,0,2026,N,0884,884,,,0,,884,N,N,884 -MLI_name,
885,0,2026,N,0885,885,,,0,,885,N,N,885 -MLI_name,
886,0,2026,N,0886,886,,,0,,886,N,N,886 -MLI_name,
887,0,2026,N,0887,887,,,0,,887,N,N,887 -MLI_name,
888,0,2026,N,0888,888,,,0,,888,N,N,888 -MLI_name,
889,0,2026,N,0889,889,,,0,,889,N,N,889 -MLI_name,
890,1,2026,N,0890,890,Sonstige Teile verschiedene,ME,ME L,,890,N,Y,890 - MLI_name,
891,0,2026,N,0891,891,Spezielle Service-Teile,ME,ME L,,891,N,Y,891 - MLI_name,
892,1,2026,N,0892,892,Kundenliteratur,CO,CO L,,892,N,N,892 - MLI_name,
893,0,2026,N,0893,893,Kundenliteratur,CO,CO L,,893,N,N,893 - MLI_name,
894,0,2026,N,0894,894,,ME,ME L,,894,N,N,894 -MLI_name,
895,0,2026,N,0895,895,,,0,,895,N,N,895 -MLI_name,
896,0,2026,N,0896,896,,,0,,896,N,N,896 -MLI_name,
897,0,2026,N,0897,897,,,0,,897,N,N,897 -MLI_name,
898,0,2026,N,0898,898,,,0,,898,N,N,898 -MLI_name,
899,0,2026,N,0899,899,,ME,ME L,,899,Y,N,899 -MLI_name,
900,0,2026,N,0900,900,,ME,ME L,,900,Y,N,900 -MLI_name,
901,0,2026,N,0901,901,,CO,CO L,,901,Y,N,901 -MLI_name,
902,0,2026,N,0902,902,,ME,ME L,,902,Y,N,902 -MLI_name,
903,0,2026,N,0903,903,,AC,CO L,,903,Y,N,903 -MLI_name,
904,0,2026,N,0904,904,,,0,,904,N,N,904 -MLI_name,
905,0,2026,N,0905,905,,,0,,905,N,N,905 -MLI_name,
906,0,2026,N,0906,906,,,0,,906,N,N,906 -MLI_name,
907,0,2026,N,0907,907,,,0,,907,N,N,907 -MLI_name,
908,0,2026,N,0908,908,,,0,,908,N,N,908 -MLI_name,
909,0,2026,N,0909,909,,,0,,909,N,N,909 -MLI_name,
910,0,2026,N,0910,910,,,0,,910,N,N,910 -MLI_name,
911,0,2026,N,0911,911,,,0,,911,N,N,911 -MLI_name,
912,0,2026,N,0912,912,,,0,,912,N,N,912 -MLI_name,
913,0,2026,N,0913,913,,,0,,913,N,N,913 -MLI_name,
914,0,2026,N,0914,914,,,0,,914,N,N,914 -MLI_name,
915,0,2026,N,0915,915,,,0,,915,N,N,915 -MLI_name,
916,0,2026,N,0916,916,,,0,,916,N,N,916 -MLI_name,
917,0,2026,N,0917,917,,,0,,917,N,N,917 -MLI_name,
918,0,2026,N,0918,918,,,0,,918,N,N,918 -MLI_name,
919,0,2026,N,0919,919,,,0,,919,N,N,919 -MLI_name,
920,0,2026,N,0920,920,,,0,,920,N,N,920 -MLI_name,
921,0,2026,N,0921,921,,,0,,921,N,N,921 -MLI_name,
922,0,2026,N,0922,922,,,0,,922,N,N,922 -MLI_name,
923,0,2026,N,0923,923,,,0,,923,N,N,923 -MLI_name,
924,0,2026,N,0924,924,,,0,,924,N,N,924 -MLI_name,
925,0,2026,N,0925,925,,,0,,925,N,N,925 -MLI_name,
926,0,2026,N,0926,926,,,0,,926,N,N,926 -MLI_name,
927,0,2026,N,0927,927,,,0,,927,N,N,927 -MLI_name,
928,0,2026,N,0928,928,,,0,,928,N,N,928 -MLI_name,
929,0,2026,N,0929,929,,,0,,929,N,N,929 -MLI_name,
930,0,2026,N,0930,930,,,0,,930,N,N,930 -MLI_name,
931,0,2026,N,0931,931,,,0,,931,N,N,931 -MLI_name,
932,0,2026,N,0932,932,,,0,,932,N,N,932 -MLI_name,
933,0,2026,N,0933,933,,,0,,933,N,N,933 -MLI_name,
934,0,2026,N,0934,934,,,0,,934,N,N,934 -MLI_name,
935,0,2026,N,0935,935,,,0,,935,N,N,935 -MLI_name,
936,0,2026,N,0936,936,,,0,,936,N,N,936 -MLI_name,
937,0,2026,N,0937,937,,,0,,937,N,N,937 -MLI_name,
938,0,2026,N,0938,938,,,0,,938,N,N,938 -MLI_name,
939,0,2026,N,0939,939,,,0,,939,N,N,939 -MLI_name,
940,0,2026,N,0940,940,,,0,,940,N,N,940 -MLI_name,
941,0,2026,N,0941,941,,,0,,941,N,N,941 -MLI_name,
942,0,2026,N,0942,942,,,0,,942,N,N,942 -MLI_name,
943,0,2026,N,0943,943,,,0,,943,N,N,943 -MLI_name,
944,0,2026,N,0944,944,,,0,,944,N,N,944 -MLI_name,
945,0,2026,N,0945,945,,,0,,945,N,N,945 -MLI_name,
946,0,2026,N,0946,946,,,0,,946,N,N,946 -MLI_name,
947,0,2026,N,0947,947,,,0,,947,N,N,947 -MLI_name,
948,0,2026,N,0948,948,,,0,,948,N,N,948 -MLI_name,
949,0,2026,N,0949,949,,,0,,949,N,N,949 -MLI_name,
950,0,2026,N,0950,950,,,0,,950,N,N,950 -MLI_name,
951,0,2026,N,0951,951,,,0,,951,N,N,951 -MLI_name,
952,0,2026,N,0952,952,,,0,,952,N,N,952 -MLI_name,
953,0,2026,N,0953,953,,,0,,953,N,N,953 -MLI_name,
954,0,2026,N,0954,954,,,0,,954,N,N,954 -MLI_name,
955,0,2026,N,0955,955,,,0,,955,N,N,955 -MLI_name,
956,0,2026,N,0956,956,,,0,,956,N,N,956 -MLI_name,
957,0,2026,N,0957,957,,,0,,957,N,N,957 -MLI_name,
958,0,2026,N,0958,958,,,0,,958,N,N,958 -MLI_name,
959,0,2026,N,0959,959,,,0,,959,N,N,959 -MLI_name,
960,0,2026,N,0960,960,,,0,,960,N,N,960 -MLI_name,
961,0,2026,N,0961,961,,,0,,961,N,N,961 -MLI_name,
962,0,2026,N,0962,962,,,0,,962,N,N,962 -MLI_name,
963,0,2026,N,0963,963,,,0,,963,N,N,963 -MLI_name,
964,0,2026,N,0964,964,,,0,,964,N,N,964 -MLI_name,
965,0,2026,N,0965,965,,,0,,965,N,N,965 -MLI_name,
966,0,2026,N,0966,966,,,0,,966,N,N,966 -MLI_name,
967,0,2026,N,0967,967,,,0,,967,N,N,967 -MLI_name,
968,0,2026,N,0968,968,,,0,,968,N,N,968 -MLI_name,
969,0,2026,N,0969,969,,,0,,969,N,N,969 -MLI_name,
970,0,2026,N,0970,970,,,0,,970,N,N,970 -MLI_name,
971,0,2026,N,0971,971,,,0,,971,N,N,971 -MLI_name,
972,0,2026,N,0972,972,,,0,,972,N,N,972 -MLI_name,
973,0,2026,N,0973,973,,,0,,973,N,N,973 -MLI_name,
974,0,2026,N,0974,974,,,0,,974,N,N,974 -MLI_name,
975,0,2026,N,0975,975,,,0,,975,N,N,975 -MLI_name,
976,0,2026,N,0976,976,,,0,,976,N,N,976 -MLI_name,
977,0,2026,N,0977,977,,,0,,977,N,N,977 -MLI_name,
978,0,2026,N,0978,978,,,0,,978,N,N,978 -MLI_name,
979,0,2026,N,0979,979,,,0,,979,N,N,979 -MLI_name,
980,0,2026,N,0980,980,,,0,,980,N,N,980 -MLI_name,
981,0,2026,N,0981,981,,,0,,981,N,N,981 -MLI_name,
982,0,2026,N,0982,982,,,0,,982,N,N,982 -MLI_name,
983,0,2026,N,0983,983,,,0,,983,N,N,983 -MLI_name,
984,0,2026,N,0984,984,,,0,,984,N,N,984 -MLI_name,
985,0,2026,N,0985,985,,,0,,985,N,N,985 -MLI_name,
986,0,2026,N,0986,986,,,0,,986,N,N,986 -MLI_name,
987,0,2026,N,0987,987,,,0,,987,N,N,987 -MLI_name,
988,0,2026,N,0988,988,,,0,,988,N,N,988 -MLI_name,
989,0,2026,N,0989,989,,,0,,989,N,N,989 -MLI_name,
990,0,2026,N,0990,990,,,0,,990,N,N,990 -MLI_name,
991,0,2026,N,0991,991,,,0,,991,N,N,991 -MLI_name,
992,0,2026,N,0992,992,,,0,,992,N,N,992 -MLI_name,
993,0,2026,N,0993,993,,,0,,993,N,N,993 -MLI_name,
994,0,2026,N,0994,994,,,0,,994,N,N,994 -MLI_name,
995,0,2026,N,0995,995,,,0,,995,N,N,995 -MLI_name,
996,0,2026,N,0996,996,,,0,,996,N,N,996 -MLI_name,
997,0,2026,N,0997,997,,,0,,997,N,N,997 -MLI_name,
998,0,2026,N,0998,998,,XX,XX,,998,N,N,998 -MLI_name,
999,0,2026,N,0999,999,,XX,XX,,999,Y,N,999 -MLI_name,
1000,0,2026,N,9999,9999,,XX,XX,,9999,Y,N,9999 -MLI_name,
