markt,markt_haendlernummer,haendlernummer,haendlerstatus,region_teile,thg,tn_teilebonus_status,reporting_inkludiert_teile
CHE,CHE51900,51900,aktiv,Schweiz,,False,True
AUT,AUT42500,42500,aktiv,Österreich,,False,True
AUT,AUT61900,61900,aktiv,Österreich,OTH1,True,False
DEU,DEU1PL91,1PL91,aktiv,Nord,HTH1,False,True
AUT,AUT54700,54700,aktiv,Österreich,,False,True
AUT,AUT55100,55100,aktiv,Österreich,,False,True
AUT,AUT55300,55300,aktiv,Österreich,,False,True
AUT,AUT56800,56800,aktiv,Österreich,,False,True
AUT,AUT56900,56900,aktiv,Österreich,,False,True
AUT,AUT57100,57100,aktiv,Österreich,,False,True
AUT,AUT57400,57400,aktiv,Österreich,,False,True
AUT,AUT58600,58600,aktiv,Österreich,OTH1,True,True
DEU,DEU1BC9A,1BC9A,aktiv,Nord,HTH1,True,True
AUT,AUT58700,58700,aktiv,Österreich,,False,True
DEU,DEU1FA9A,1FA9A,terminated,Nord,HTH2,True,True
DEU,DEU2M677,2M677,aktiv,Nord,,False,False
AUT,AUT56600,56600,aktiv,Österreich,,False,True
AUT,AUT56700,56700,aktiv,Österreich,,False,True
CHE,CHE50955,50955,aktiv,Schweiz,,False,True
DEU,DEU2M701,2M701,aktiv,Nord,,False,False
DEU,DEU2U505,2U505,aktiv,Süd,,False,False
CHE,CHE51100,51100,aktiv,Schweiz,,False,True
CHE,CHE51182,51182,aktiv,Schweiz,,False,True
DEU,DEU2V326,2V326,aktiv,Süd,,False,False
DEU,DEU2Z151,2Z151,aktiv,Süd,,False,False
AUT,AUT59800,59800,aktiv,Österreich,,False,True
AUT,AUT67500,67500,aktiv,Österreich,,False,True
CHE,CHE50904,50904,terminated,Schweiz,,False,True
CHE,CHE58500,58500,aktiv,Schweiz,,False,False
CHE,CHE58600,58600,aktiv,Schweiz,,False,False
CHE,CHE58700,58700,aktiv,Schweiz,STH3,False,True
CHE,CHE59958,59958,aktiv,Schweiz,,False,True
AUT,AUT51500,51500,aktiv,Österreich,,False,True
CHE,CHE54702,54702,aktiv,Schweiz,,False,True
CHE,CHE54703,54703,aktiv,Schweiz,,False,True
AUT,AUT51700,51700,aktiv,Österreich,,False,True
AUT,AUT51800,51800,aktiv,Österreich,,False,True
CHE,CHE51450,51450,aktiv,Schweiz,,False,False
CHE,CHE59100,59100,aktiv,Schweiz,,False,False
AUT,AUT24600,24600,aktiv,Österreich,,False,False
AUT,AUT57500,57500,aktiv,Österreich,,False,True
AUT,AUT57600,57600,aktiv,Österreich,,False,True
CHE,CHE50966,50966,aktiv,Schweiz,,False,True
CHE,CHE50971,50971,aktiv,Schweiz,,False,True
CHE,CHE50975,50975,aktiv,Schweiz,,False,True
CHE,CHE51190,51190,aktiv,Schweiz,,False,False
CHE,CHE51400,51400,aktiv,Schweiz,,False,True
DEU,DEU1T67J,1T67J,aktiv,Süd,MTH1,True,True
DEU,DEU1T67R,1T67R,aktiv,Süd,MTH1,True,True
AUT,AUT53000,53000,aktiv,Österreich,,False,True
AUT,AUT53100,53100,aktiv,Österreich,,False,True
AUT,AUT57700,57700,aktiv,Österreich,,False,True
AUT,AUT61800,61800,aktiv,Österreich,OTH1,True,False
CHE,CHE51671,51671,aktiv,Schweiz,,False,True
CHE,CHE51688,51688,aktiv,Schweiz,,False,True
AUT,AUT53200,53200,aktiv,Österreich,,False,True
AUT,AUT53800,53800,aktiv,Österreich,,False,True
AUT,AUT54100,54100,aktiv,Österreich,OTH2,True,True
AUT,AUT54200,54200,aktiv,Österreich,,False,True
AUT,AUT54300,54300,aktiv,Österreich,,False,True
CHE,CHE62953,62953,aktiv,Schweiz,,False,True
DEU,DEU1G8BB,1G8BB,aktiv,Nord,,False,False
AUT,AUT54400,54400,aktiv,Österreich,,False,True
AUT,AUT55800,55800,aktiv,Österreich,,False,True
DEU,DEU1M910,1M910,aktiv,Süd,MTH1,False,False
DEU,DEU1U540,1U540,aktiv,Süd,,False,False
DEU,DEU2B360,2B360,aktiv,Nord,,False,False
AUT,AUT59700,59700,aktiv,Österreich,,False,True
CHE,CHE50700,50700,aktiv,Schweiz,STH2,True,True
DEU,DEU2B532,2B532,aktiv,Nord,HTH2,True,True
DEU,DEU2B540,2B540,aktiv,Nord,,False,False
DEU,DEU2K726,2K726,aktiv,Süd,,False,False
CHE,CHE50753,50753,aktiv,Schweiz,,False,True
CHE,CHE50900,50900,aktiv,Schweiz,,False,True
CHE,CHE50903,50903,aktiv,Schweiz,,False,True
AUT,AUT56500,56500,aktiv,Österreich,,False,True
DEU,DEU2L300,2L300,aktiv,Süd,,False,False
DEU,DEU2M540,2M540,aktiv,D07,,False,False
DEU,DEU1P9LA,1P9LA,aktiv,Süd,,False,False
CHE,CHE51600,51600,aktiv,Schweiz,,False,True
CHE,CHE51651,51651,aktiv,Schweiz,,False,True
CHE,CHE51670,51670,aktiv,Schweiz,,False,True
DEU,DEU1V599,1V599,aktiv,Süd,MTH1,True,True
DEU,DEU1W54B,1W54B,aktiv,Nord,,False,False
DEU,DEU1W54C,1W54C,aktiv,Nord,,False,False
DEU,DEU1W54D,1W54D,aktiv,Nord,,False,False
AUT,AUT49800,49800,aktiv,Österreich,,False,True
AUT,AUT50600,50600,aktiv,Österreich,,False,True
AUT,AUT50800,50800,aktiv,Österreich,,False,True
CHE,CHE52454,52454,aktiv,Schweiz,,False,True
DEU,DEU1B10P,1B10P,aktiv,Nord,HTH1,True,True
CHE,CHE52800,52800,aktiv,Schweiz,STH1,True,False
CHE,CHE53100,53100,aktiv,Schweiz,,False,True
CHE,CHE53101,53101,aktiv,Schweiz,,False,True
CHE,CHE54200,54200,aktiv,Schweiz,,False,True
CHE,CHE54300,54300,aktiv,Schweiz,,False,True
CHE,CHE54700,54700,aktiv,Schweiz,STH3,True,True
CHE,CHE55000,55000,aktiv,Schweiz,STH3,True,True
CHE,CHE55200,55200,aktiv,Schweiz,,False,True
CHE,CHE56962,56962,aktiv,Schweiz,,False,True
CHE,CHE58800,58800,aktiv,Schweiz,,False,False
CHE,CHE57000,57000,aktiv,Schweiz,,False,True
CHE,CHE57950,57950,aktiv,Schweiz,,False,True
CHE,CHE57952,57952,aktiv,Schweiz,,False,True
CHE,CHE58066,58066,aktiv,Schweiz,,False,True
CHE,CHE52061,52061,aktiv,Schweiz,,False,True
CHE,CHE52063,52063,aktiv,Schweiz,,False,True
CHE,CHE52065,52065,aktiv,Schweiz,,False,True
CHE,CHE52066,52066,aktiv,Schweiz,,False,True
CHE,CHE52300,52300,aktiv,Schweiz,,False,True
CHE,CHE52400,52400,aktiv,Schweiz,,False,True
CHE,CHE52452,52452,aktiv,Schweiz,,False,True
AUT,AUT10000,10000,aktiv,Österreich,,False,True
AUT,AUT10100,10100,aktiv,Österreich,,False,True
AUT,AUT10200,10200,aktiv,Österreich,,False,True
DEU,DEU1N73A,1N73A,aktiv,Nord,,False,False
AUT,AUT10600,10600,aktiv,Österreich,OTH4,True,True
AUT,AUT10800,10800,aktiv,Österreich,,False,True
AUT,AUT11200,11200,aktiv,Österreich,,False,True
AUT,AUT11300,11300,aktiv,Österreich,,False,True
DEU,DEU1U4C1,1U4C1,aktiv,Süd,,False,False
AUT,AUT11400,11400,aktiv,Österreich,OTH4,True,True
AUT,AUT11800,11800,aktiv,Österreich,,False,True
AUT,AUT11900,11900,aktiv,Österreich,,False,True
AUT,AUT12000,12000,aktiv,Österreich,,False,True
AUT,AUT12200,12200,aktiv,Österreich,,False,True
AUT,AUT13000,13000,aktiv,Österreich,,False,True
AUT,AUT14000,14000,aktiv,Österreich,,False,True
AUT,AUT15000,15000,aktiv,Österreich,OTH1,False,True
AUT,AUT16500,16500,aktiv,Österreich,,False,False
AUT,AUT18000,18000,aktiv,Österreich,OTH4,False,False
AUT,AUT18100,18100,aktiv,Österreich,,False,False
AUT,AUT19000,19000,aktiv,Österreich,OTH1,True,True
AUT,AUT20100,20100,aktiv,Österreich,,False,True
AUT,AUT20400,20400,aktiv,Österreich,,False,True
AUT,AUT20500,20500,aktiv,Österreich,,False,True
AUT,AUT20700,20700,aktiv,Österreich,,False,True
AUT,AUT20900,20900,aktiv,Österreich,OTH1,False,True
AUT,AUT21200,21200,aktiv,Österreich,,False,True
AUT,AUT21800,21800,aktiv,Österreich,OTH3,True,True
AUT,AUT21900,21900,aktiv,Österreich,OTH3,False,True
AUT,AUT22300,22300,aktiv,Österreich,,False,True
AUT,AUT22400,22400,aktiv,Österreich,,False,True
AUT,AUT22600,22600,aktiv,Österreich,,False,True
AUT,AUT22800,22800,aktiv,Österreich,OTH1,True,True
AUT,AUT22900,22900,aktiv,Österreich,OTH2,False,True
AUT,AUT23200,23200,aktiv,Österreich,OTH2,False,True
AUT,AUT27000,27000,aktiv,Österreich,,False,True
AUT,AUT27100,27100,aktiv,Österreich,,False,True
AUT,AUT30100,30100,aktiv,Österreich,OTH4,True,True
AUT,AUT31600,31600,aktiv,Österreich,,False,True
AUT,AUT31800,31800,aktiv,Österreich,,False,False
AUT,AUT31900,31900,aktiv,Österreich,,False,False
AUT,AUT32200,32200,aktiv,Österreich,,False,True
AUT,AUT33400,33400,aktiv,Österreich,,False,True
AUT,AUT33500,33500,aktiv,Österreich,,False,True
AUT,AUT33700,33700,aktiv,Österreich,,False,True
AUT,AUT33800,33800,aktiv,Österreich,,False,True
AUT,AUT35000,35000,aktiv,Österreich,OTH3,True,True
AUT,AUT37000,37000,aktiv,Österreich,,False,True
AUT,AUT37100,37100,aktiv,Österreich,,False,False
AUT,AUT37200,37200,aktiv,Österreich,,False,False
AUT,AUT37300,37300,aktiv,Österreich,,False,False
AUT,AUT40400,40400,aktiv,Österreich,,False,True
AUT,AUT40500,40500,aktiv,Österreich,,False,True
AUT,AUT41600,41600,aktiv,Österreich,,False,True
AUT,AUT41800,41800,aktiv,Österreich,,False,True
DEU,DEU2R715,2R715,aktiv,Süd,,False,False
DEU,DEU1VGA1,1VGA1,aktiv,Nord,,False,False
AUT,AUT41900,41900,aktiv,Österreich,,False,True
AUT,AUT42700,42700,aktiv,Österreich,,False,True
AUT,AUT42800,42800,aktiv,Österreich,,False,True
DEU,DEU1P55C,1P55C,aktiv,Süd,MTH1,True,False
AUT,AUT26800,26800,aktiv,Österreich,,False,True
AUT,AUT30600,30600,aktiv,Österreich,OTH4,True,True
DEU,DEU1D82Z,1D82Z,aktiv,Nord,HTH1,False,False
AUT,AUT30700,30700,aktiv,Österreich,,False,True
AUT,AUT31200,31200,aktiv,Österreich,,False,True
AUT,AUT31300,31300,aktiv,Österreich,,False,True
AUT,AUT32600,32600,aktiv,Österreich,,False,True
AUT,AUT32800,32800,aktiv,Österreich,,False,True
AUT,AUT33200,33200,aktiv,Österreich,,False,True
AUT,AUT33300,33300,aktiv,Österreich,,False,True
AUT,AUT34000,34000,aktiv,Österreich,,False,True
AUT,AUT34100,34100,aktiv,Österreich,,False,True
AUT,AUT34200,34200,aktiv,Österreich,,False,True
AUT,AUT34300,34300,aktiv,Österreich,,False,True
AUT,AUT37500,37500,aktiv,Österreich,,False,True
AUT,AUT38300,38300,aktiv,Österreich,,False,True
DEU,DEU1V74Z,1V74Z,aktiv,Süd,MTH1,True,False
DEU,DEU2K380,2K380,aktiv,Süd,,False,False
AUT,AUT38900,38900,aktiv,Österreich,,False,True
AUT,AUT41100,41100,aktiv,Österreich,,False,True
AUT,AUT41300,41300,aktiv,Österreich,,False,True
AUT,AUT42300,42300,aktiv,Österreich,,False,True
DEU,DEU1E19A,1E19A,aktiv,EFA,MTH1,True,False
AUT,AUT42400,42400,aktiv,Österreich,,False,True
AUT,AUT43200,43200,aktiv,Österreich,,False,True
DEU,DEU1E19B,1E19B,aktiv,Süd,MTH1,False,False
DEU,DEU1J59R,1J59R,aktiv,Süd,MTH1,False,False
AUT,AUT43400,43400,aktiv,Österreich,,False,True
AUT,AUT43500,43500,aktiv,Österreich,,False,True
AUT,AUT43600,43600,aktiv,Österreich,,False,True
AUT,AUT43800,43800,aktiv,Österreich,,False,True
AUT,AUT43900,43900,aktiv,Österreich,,False,True
AUT,AUT44800,44800,aktiv,Österreich,,False,True
DEU,DEU1J59S,1J59S,aktiv,Süd,MTH1,False,False
DEU,DEU1J59Y,1J59Y,aktiv,Süd,MTH1,False,False
AUT,AUT44900,44900,aktiv,Österreich,,False,True
AUT,AUT45000,45000,aktiv,Österreich,,False,True
AUT,AUT45100,45100,aktiv,Österreich,,False,True
AUT,AUT46100,46100,aktiv,Österreich,,False,True
AUT,AUT46400,46400,aktiv,Österreich,,False,True
AUT,AUT46600,46600,aktiv,Österreich,,False,True
AUT,AUT47600,47600,aktiv,Österreich,,False,True
AUT,AUT47900,47900,aktiv,Österreich,,False,True
AUT,AUT48200,48200,aktiv,Österreich,,False,True
AUT,AUT49100,49100,aktiv,Österreich,,False,True
AUT,AUT49600,49600,aktiv,Österreich,,False,True
DEU,DEU1L17W,1L17W,aktiv,Süd,MTH1,False,False
AUT,AUT49700,49700,aktiv,Österreich,,False,True
AUT,AUT51100,51100,aktiv,Österreich,,False,True
AUT,AUT51300,51300,aktiv,Österreich,,False,True
DEU,DEU1L17X,1L17X,aktiv,Süd,MTH1,False,False
AUT,AUT52300,52300,aktiv,Österreich,,False,True
AUT,AUT52400,52400,aktiv,Österreich,,False,True
AUT,AUT52600,52600,aktiv,Österreich,,False,True
DEU,DEU1L17Y,1L17Y,aktiv,Süd,MTH1,False,False
AUT,AUT52800,52800,aktiv,Österreich,,False,True
AUT,AUT53400,53400,aktiv,Österreich,,False,True
AUT,AUT53700,53700,aktiv,Österreich,,False,True
DEU,DEU1L17Z,1L17Z,aktiv,Süd,MTH1,False,False
AUT,AUT44300,44300,aktiv,Österreich,,False,True
AUT,AUT44600,44600,aktiv,Österreich,,False,True
DEU,DEU1S6GZ,1S6GZ,aktiv,Süd,MTH1,True,False
DEU,DEU1V19A,1V19A,aktiv,EFA,MTH1,True,False
AUT,AUT45300,45300,aktiv,Österreich,,False,True
AUT,AUT45900,45900,aktiv,Österreich,,False,True
DEU,DEU1V19B,1V19B,aktiv,Süd,MTH1,False,False
DEU,DEU1V29A,1V29A,aktiv,Süd,MTH1,True,False
AUT,AUT46000,46000,aktiv,Österreich,,False,True
AUT,AUT46900,46900,aktiv,Österreich,OTH2,True,True
AUT,AUT47300,47300,aktiv,Österreich,,False,True
DEU,DEU1V29B,1V29B,aktiv,Süd,MTH1,False,False
AUT,AUT47500,47500,aktiv,Österreich,,False,True
AUT,AUT48800,48800,aktiv,Österreich,,False,True
DEU,DEU1V39C,1V39C,aktiv,Süd,MTH1,False,False
DEU,DEU1V39F,1V39F,aktiv,EFA,MTH1,True,False
AUT,AUT48900,48900,aktiv,Österreich,,False,True
AUT,AUT49000,49000,aktiv,Österreich,,False,True
CHE,CHE52600,52600,aktiv,Schweiz,,False,True
DEU,DEU1V39I,1V39I,aktiv,Süd,MTH1,True,False
CHE,CHE52654,52654,aktiv,Schweiz,,False,True
DEU,DEU1XQ91,1XQ91,aktiv,Nord,,False,False
DEU,DEU2U644,2U644,aktiv,Süd,,False,False
DEU,DEU2U885,2U885,aktiv,Süd,,False,False
CHE,CHE53700,53700,aktiv,Schweiz,STH3,True,True
CHE,CHE53762,53762,aktiv,Schweiz,,False,True
CHE,CHE54757,54757,aktiv,Schweiz,,False,True
DEU,DEU1V39J,1V39J,aktiv,Süd,MTH1,True,False
DEU,DEU1V39K,1V39K,aktiv,Süd,MTH1,True,False
CHE,CHE54763,54763,aktiv,Schweiz,,False,True
CHE,CHE56500,56500,aktiv,Schweiz,,False,True
CHE,CHE56551,56551,aktiv,Schweiz,,False,True
CHE,CHE56554,56554,aktiv,Schweiz,,False,True
CHE,CHE57153,57153,aktiv,Schweiz,,False,True
CHE,CHE57154,57154,aktiv,Schweiz,,False,True
CHE,CHE58200,58200,aktiv,Schweiz,,False,True
CHE,CHE58300,58300,aktiv,Schweiz,,False,True
CHE,CHE59900,59900,aktiv,Schweiz,,False,True
CHE,CHE59950,59950,aktiv,Schweiz,,False,True
CHE,CHE59951,59951,aktiv,Schweiz,,False,True
CHE,CHE59954,59954,aktiv,Schweiz,,False,True
CHE,CHE59981,59981,aktiv,Schweiz,,False,True
CHE,CHE59982,59982,aktiv,Schweiz,,False,True
CHE,CHE62600,62600,aktiv,Schweiz,,False,True
CHE,CHE62652,62652,aktiv,Schweiz,,False,True
CHE,CHE62900,62900,aktiv,Schweiz,,False,True
CHE,CHE63000,63000,aktiv,Schweiz,STH2,True,True
CHE,CHE63200,63200,aktiv,Schweiz,,False,True
CHE,CHE63600,63600,terminated,Schweiz,,False,True
CHE,CHE63653,63653,aktiv,Schweiz,,False,True
CHE,CHE63853,63853,aktiv,Schweiz,,False,True
CHE,CHE64400,64400,aktiv,Schweiz,STH1,True,True
CHE,CHE64700,64700,aktiv,Schweiz,STH2,True,True
CHE,CHE64751,64751,aktiv,Schweiz,,False,True
CHE,CHE65001,65001,aktiv,Schweiz,STH3,False,True
CHE,CHE65055,65055,aktiv,Schweiz,,False,True
CHE,CHE65255,65255,aktiv,Schweiz,,False,True
CHE,CHE65262,65262,aktiv,Schweiz,,False,True
CHE,CHE65263,65263,aktiv,Schweiz,,False,True
CHE,CHE65300,65300,aktiv,Schweiz,,False,True
CHE,CHE65900,65900,aktiv,Schweiz,,False,True
CHE,CHE65953,65953,aktiv,Schweiz,,False,True
CHE,CHE65954,65954,aktiv,Schweiz,,False,True
DEU,DEU1V39L,1V39L,aktiv,Süd,MTH1,True,False
CHE,CHE67200,67200,aktiv,Schweiz,,False,True
CHE,CHE67400,67400,aktiv,Schweiz,STH2,True,True
CHE,CHE67600,67600,aktiv,Schweiz,STH3,True,True
CHE,CHE63350,63350,aktiv,Schweiz,,False,True
DEU,DEU1T71A,1T71A,aktiv,Süd,,False,False
CHE,CHE63400,63400,aktiv,Schweiz,,False,True
CHE,CHE64460,64460,aktiv,Schweiz,,False,True
CHE,CHE64465,64465,aktiv,Schweiz,,False,True
CHE,CHE64762,64762,aktiv,Schweiz,,False,True
CHE,CHE64765,64765,aktiv,Schweiz,,False,True
CHE,CHE64800,64800,aktiv,Schweiz,STH1,True,True
CHE,CHE64860,64860,aktiv,Schweiz,,False,True
CHE,CHE65100,65100,aktiv,Schweiz,,False,True
CHE,CHE65200,65200,aktiv,Schweiz,STH1,True,True
CHE,CHE65251,65251,aktiv,Schweiz,,False,True
CHE,CHE65253,65253,aktiv,Schweiz,,False,True
CHE,CHE65500,65500,aktiv,Schweiz,,False,True
CHE,CHE65800,65800,aktiv,Schweiz,,False,True
CHE,CHE65850,65850,aktiv,Schweiz,STH1,False,True
CHE,CHE66000,66000,aktiv,Schweiz,STH1,True,True
CHE,CHE66300,66300,aktiv,Schweiz,,False,True
CHE,CHE66700,66700,aktiv,Schweiz,STH2,True,True
CHE,CHE67630,67630,aktiv,Schweiz,,False,False
CHE,CHE67656,67656,aktiv,Schweiz,,False,True
CHE,CHE67800,67800,aktiv,Schweiz,,False,True
CHE,CHE67850,67850,aktiv,Schweiz,,False,True
CHE,CHE68251,68251,aktiv,Schweiz,,False,True
CHE,CHE68255,68255,aktiv,Schweiz,,False,True
CHE,CHE68261,68261,aktiv,Schweiz,,False,True
CHE,CHE68562,68562,aktiv,Schweiz,,False,True
CHE,CHE68572,68572,aktiv,Schweiz,,False,True
CHE,CHE68671,68671,aktiv,Schweiz,,False,True
DEU,DEU1A140,1A140,aktiv,Nord,,False,True
DEU,DEU1A1B0,1A1B0,aktiv,Nord,,False,True
DEU,DEU2K674,2K674,aktiv,Digital,,False,False
DEU,DEU1A200,1A200,aktiv,Süd,,False,True
DEU,DEU1A300,1A300,aktiv,Nord,HTH1,True,True
DEU,DEU1A30B,1A30B,aktiv,Nord,HTH1,True,True
DEU,DEU1A3K0,1A3K0,aktiv,Nord,,False,True
DEU,DEU1A520,1A520,aktiv,Nord,HTH1,True,True
DEU,DEU1A550,1A550,aktiv,Nord,HTH1,True,True
DEU,DEU1A6A0,1A6A0,aktiv,Nord,,False,True
DEU,DEU1D6JA,1D6JA,aktiv,Nord,,False,True
CHE,CHE68500,68500,aktiv,Schweiz,,False,True
CHE,CHE68509,68509,aktiv,Schweiz,,False,True
CHE,CHE68578,68578,aktiv,Schweiz,,False,True
CHE,CHE68600,68600,aktiv,Schweiz,,False,True
CHE,CHE68655,68655,aktiv,Schweiz,,False,True
DEU,DEU1A170,1A170,aktiv,Süd,MTH1,True,True
DEU,DEU1A190,1A190,aktiv,Nord,,False,True
DEU,DEU1A250,1A250,aktiv,Süd,,False,True
DEU,DEU1A260,1A260,aktiv,Nord,,False,True
DEU,DEU1A280,1A280,aktiv,Süd,MTH1,True,True
DEU,DEU1A3B0,1A3B0,aktiv,Nord,,False,True
DEU,DEU1A55A,1A55A,aktiv,Nord,HTH1,True,True
DEU,DEU1A5D0,1A5D0,aktiv,Nord,,False,True
DEU,DEU1A8J0,1A8J0,aktiv,Nord,HTH1,False,True
DEU,DEU1A970,1A970,aktiv,Nord,HTH1,False,True
DEU,DEU1AC10,1AC10,aktiv,Nord,HTH1,False,True
DEU,DEU1AKJ0,1AKJ0,aktiv,Nord,,False,True
DEU,DEU1AM90,1AM90,aktiv,Nord,HTH1,True,True
DEU,DEU1AQ90,1AQ90,aktiv,Nord,HTH1,False,True
DEU,DEU1AY90,1AY90,aktiv,Nord,HTH1,False,True
DEU,DEU1B100,1B100,aktiv,Nord,HTH1,True,True
DEU,DEU1B10N,1B10N,aktiv,Nord,HTH1,True,True
DEU,DEU1B240,1B240,aktiv,Nord,HTH1,True,True
DEU,DEU1B24F,1B24F,aktiv,Nord,HTH1,True,True
DEU,DEU1B24G,1B24G,aktiv,Nord,HTH1,True,True
DEU,DEU1B250,1B250,aktiv,Süd,,False,True
DEU,DEU1B58F,1B58F,aktiv,Nord,HTH1,True,True
DEU,DEU1B710,1B710,aktiv,Nord,,False,True
DEU,DEU1B720,1B720,aktiv,Nord,,False,True
DEU,DEU1B8C0,1B8C0,terminated,Nord,,False,True
DEU,DEU1B900,1B900,aktiv,Nord,,False,True
DEU,DEU1BAJ0,1BAJ0,aktiv,Nord,,False,True
DEU,DEU1BPJ0,1BPJ0,aktiv,Nord,,False,True
DEU,DEU1BV10,1BV10,aktiv,Nord,,False,True
DEU,DEU1BVJ0,1BVJ0,aktiv,Nord,,False,True
DEU,DEU1BW9E,1BW9E,aktiv,Nord,HTH2,True,True
DEU,DEU1BW9G,1BW9G,aktiv,Nord,HTH2,True,True
DEU,DEU1BW9M,1BW9M,aktiv,Nord,HTH2,True,True
DEU,DEU1C41A,1C41A,aktiv,Nord,,False,False
DEU,DEU1G10D,1G10D,aktiv,Süd,,False,False
DEU,DEU1B109,1B109,aktiv,Nord,HTH1,True,True
DEU,DEU1B10G,1B10G,aktiv,Nord,HTH1,True,True
DEU,DEU1B10K,1B10K,aktiv,Nord,HTH1,True,True
DEU,DEU1B24B,1B24B,aktiv,Nord,HTH1,True,True
DEU,DEU1B24D,1B24D,aktiv,Nord,HTH1,True,True
DEU,DEU1B24E,1B24E,aktiv,Nord,HTH1,True,True
DEU,DEU1B399,1B399,aktiv,Süd,MTH1,False,True
DEU,DEU1B580,1B580,aktiv,Nord,HTH1,True,True
DEU,DEU1B58B,1B58B,aktiv,Nord,HTH1,True,True
DEU,DEU1B840,1B840,aktiv,Nord,HTH1,False,True
DEU,DEU1B84A,1B84A,aktiv,Nord,HTH1,False,True
DEU,DEU1B850,1B850,aktiv,Nord,,False,True
DEU,DEU1BC90,1BC90,aktiv,Nord,HTH1,True,True
DEU,DEU1BK90,1BK90,aktiv,Nord,HTH1,False,True
DEU,DEU1BW90,1BW90,aktiv,Nord,HTH2,True,True
DEU,DEU1BW99,1BW99,aktiv,Nord,HTH2,True,True
DEU,DEU1BW9D,1BW9D,aktiv,Nord,HTH2,True,True
DEU,DEU1BW9H,1BW9H,aktiv,Nord,HTH2,True,True
DEU,DEU1BW9J,1BW9J,aktiv,Nord,HTH2,True,True
DEU,DEU1BW9Q,1BW9Q,aktiv,Nord,HTH2,True,True
DEU,DEU1BW9R,1BW9R,aktiv,Nord,HTH2,True,True
DEU,DEU1C150,1C150,aktiv,Nord,HTH1,True,True
DEU,DEU1C15C,1C15C,aktiv,Nord,HTH1,True,True
DEU,DEU1C15D,1C15D,aktiv,Nord,HTH1,True,True
DEU,DEU1C1A0,1C1A0,aktiv,Nord,,False,True
DEU,DEU1C570,1C570,aktiv,Nord,,False,True
DEU,DEU1C590,1C590,aktiv,Nord,HTH1,False,True
DEU,DEU1C6CA,1C6CA,aktiv,Nord,,False,True
DEU,DEU1C7A0,1C7A0,aktiv,Nord,,False,True
DEU,DEU1C7B0,1C7B0,aktiv,Nord,,False,True
DEU,DEU1C7G0,1C7G0,aktiv,Nord,,False,True
DEU,DEU1C7H0,1C7H0,aktiv,Nord,,False,True
DEU,DEU1C850,1C850,aktiv,Nord,,False,True
DEU,DEU1CH90,1CH90,aktiv,Nord,HTH1,False,True
DEU,DEU1CH9A,1CH9A,aktiv,Nord,HTH1,False,True
DEU,DEU1D290,1D290,aktiv,Nord,,False,True
DEU,DEU1D2D0,1D2D0,aktiv,Süd,,False,True
DEU,DEU1D300,1D300,aktiv,Süd,MTH1,False,True
DEU,DEU1D3H0,1D3H0,aktiv,Süd,,False,True
DEU,DEU1D3J0,1D3J0,aktiv,Nord,,False,True
DEU,DEU1D56A,1D56A,aktiv,Süd,MTH1,False,True
DEU,DEU1D56D,1D56D,aktiv,Süd,MTH1,False,True
DEU,DEU1C1D0,1C1D0,aktiv,Nord,,False,True
DEU,DEU1C1E0,1C1E0,aktiv,Nord,,False,True
DEU,DEU1C5J0,1C5J0,aktiv,Nord,,False,True
DEU,DEU1C6C0,1C6C0,aktiv,Nord,,False,True
DEU,DEU1C7F0,1C7F0,aktiv,Nord,,False,True
DEU,DEU1C85A,1C85A,aktiv,Nord,,False,True
DEU,DEU1C8D0,1C8D0,aktiv,Nord,,False,True
DEU,DEU1CDJ0,1CDJ0,aktiv,Nord,,False,True
DEU,DEU1CQJ0,1CQJ0,aktiv,Nord,,False,True
DEU,DEU1CY90,1CY90,aktiv,Nord,HTH1,False,True
DEU,DEU1D270,1D270,aktiv,Nord,,False,True
DEU,DEU1D30C,1D30C,aktiv,Süd,,False,True
DEU,DEU1D330,1D330,aktiv,Süd,,False,True
DEU,DEU1D399,1D399,aktiv,Süd,MTH1,True,True
DEU,DEU1D4F0,1D4F0,aktiv,Nord,,False,True
DEU,DEU1D555,1D555,aktiv,Nord,HTH1,False,True
DEU,DEU1D560,1D560,aktiv,Süd,MTH1,False,True
DEU,DEU1D570,1D570,aktiv,Nord,HTH1,False,True
DEU,DEU1D6E0,1D6E0,aktiv,Nord,,False,True
DEU,DEU1D6J0,1D6J0,aktiv,Nord,,False,True
DEU,DEU1D750,1D750,aktiv,Nord,HTH1,False,True
DEU,DEU1D75B,1D75B,aktiv,Nord,HTH1,False,True
DEU,DEU1D75C,1D75C,aktiv,Nord,HTH1,False,True
DEU,DEU1D790,1D790,aktiv,Süd,,False,True
DEU,DEU1D7G0,1D7G0,aktiv,Nord,,False,True
DEU,DEU1D829,1D829,aktiv,Nord,HTH1,True,True
DEU,DEU1D840,1D840,aktiv,Nord,,False,True
DEU,DEU1D8E0,1D8E0,aktiv,Süd,,False,True
DEU,DEU1D980,1D980,aktiv,Süd,MTH1,False,True
DEU,DEU1D9C0,1D9C0,aktiv,Nord,,False,True
DEU,DEU1DJ10,1DJ10,aktiv,Nord,HTH1,False,True
DEU,DEU1DJ1A,1DJ1A,aktiv,Nord,,False,True
DEU,DEU1DJ20,1DJ20,aktiv,Nord,,False,False
DEU,DEU1E15B,1E15B,aktiv,Nord,HTH1,False,True
DEU,DEU1E15D,1E15D,aktiv,Nord,HTH1,False,True
DEU,DEU1E199,1E199,aktiv,EFA,MTH1,True,True
DEU,DEU1E1E0,1E1E0,aktiv,Digital,,False,True
DEU,DEU1E1L0,1E1L0,aktiv,Nord,,False,True
DEU,DEU1E580,1E580,aktiv,Nord,HTH1,False,True
DEU,DEU1E5B0,1E5B0,aktiv,Nord,,False,True
DEU,DEU1E5G0,1E5G0,aktiv,Nord,,False,True
DEU,DEU1D760,1D760,aktiv,Süd,MTH1,False,True
DEU,DEU1D76B,1D76B,aktiv,Süd,,False,True
DEU,DEU1D770,1D770,aktiv,Nord,HTH1,False,True
DEU,DEU1D7H0,1D7H0,aktiv,Nord,,False,True
DEU,DEU1D7HA,1D7HA,aktiv,Nord,,False,True
DEU,DEU1D820,1D820,aktiv,Nord,HTH1,True,True
DEU,DEU1D8A0,1D8A0,aktiv,Nord,,False,True
DEU,DEU1D8B0,1D8B0,aktiv,Digital,,False,True
DEU,DEU1D8C0,1D8C0,aktiv,Nord,,False,True
DEU,DEU1D9J0,1D9J0,aktiv,Süd,,False,True
DEU,DEU1D9K0,1D9K0,aktiv,Nord,,False,True
DEU,DEU1DJ2A,1DJ2A,aktiv,Nord,,False,False
DEU,DEU1E300,1E300,aktiv,Nord,HTH2,True,True
DEU,DEU1PP9A,1PP9A,aktiv,Nord,,False,False
DEU,DEU1E1D0,1E1D0,aktiv,Nord,,False,True
DEU,DEU1E1M0,1E1M0,aktiv,Nord,,False,True
DEU,DEU1E30A,1E30A,aktiv,Nord,HTH2,True,True
DEU,DEU1E6B0,1E6B0,aktiv,Nord,,False,True
DEU,DEU1E6E0,1E6E0,aktiv,Nord,HTH1,False,True
DEU,DEU1E9B0,1E9B0,aktiv,Nord,,False,True
DEU,DEU1E9K0,1E9K0,aktiv,Nord,,False,True
DEU,DEU1EA90,1EA90,aktiv,Nord,HTH1,False,True
DEU,DEU1EJJ0,1EJJ0,aktiv,Nord,HTH1,False,True
DEU,DEU1ER90,1ER90,aktiv,Nord,HTH1,True,True
DEU,DEU1F560,1F560,aktiv,Nord,,False,True
DEU,DEU1F580,1F580,aktiv,Nord,,False,True
DEU,DEU1F600,1F600,aktiv,Nord,HTH1,False,True
DEU,DEU1F830,1F830,aktiv,Nord,HTH1,False,True
DEU,DEU1F850,1F850,aktiv,Nord,,False,True
DEU,DEU1FK90,1FK90,aktiv,Nord,HTH1,False,True
DEU,DEU1FXJ0,1FXJ0,aktiv,Nord,,False,True
DEU,DEU1G400,1G400,aktiv,Süd,MTH1,False,True
DEU,DEU1G510,1G510,aktiv,Nord,,False,True
DEU,DEU1G5J0,1G5J0,aktiv,Nord,,False,True
DEU,DEU1G5JB,1G5JB,aktiv,Nord,,False,True
DEU,DEU1G630,1G630,aktiv,Nord,HTH1,False,True
DEU,DEU1G680,1G680,aktiv,Nord,HTH1,False,True
DEU,DEU1G6A0,1G6A0,aktiv,Nord,,False,True
DEU,DEU1G7F0,1G7F0,aktiv,Nord,,False,True
DEU,DEU1EC90,1EC90,aktiv,Nord,,False,True
DEU,DEU1ECJ0,1ECJ0,aktiv,Nord,,False,True
DEU,DEU1EHJ0,1EHJ0,aktiv,Nord,,False,True
DEU,DEU1ER9C,1ER9C,aktiv,Nord,HTH1,True,True
DEU,DEU1F330,1F330,aktiv,Nord,HTH1,False,True
DEU,DEU1F33A,1F33A,terminated,Nord,,False,True
DEU,DEU1F6D0,1F6D0,aktiv,Nord,,False,True
DEU,DEU1F6DA,1F6DA,aktiv,Nord,,False,True
DEU,DEU1F71C,1F71C,aktiv,Nord,HTH1,False,True
DEU,DEU1FA90,1FA90,aktiv,Nord,HTH2,True,True
DEU,DEU1FH90,1FH90,aktiv,Nord,HTH1,False,True
DEU,DEU1G100,1G100,aktiv,Süd,,False,True
DEU,DEU1G200,1G200,aktiv,Süd,,False,True
DEU,DEU1G20A,1G20A,aktiv,Süd,,False,True
DEU,DEU1G51A,1G51A,aktiv,Nord,,False,True
DEU,DEU1G51B,1G51B,aktiv,Nord,,False,True
DEU,DEU1G51C,1G51C,aktiv,Nord,,False,False
DEU,DEU1G63C,1G63C,aktiv,Nord,,False,True
DEU,DEU1G63D,1G63D,aktiv,Nord,,False,True
DEU,DEU1G63E,1G63E,aktiv,Nord,,False,True
DEU,DEU1G8B0,1G8B0,aktiv,Nord,HTH1,False,True
DEU,DEU1GF10,1GF10,aktiv,Nord,,False,True
DEU,DEU1GUH0,1GUH0,terminated,Süd,,False,True
DEU,DEU1GUHA,1GUHA,terminated,Süd,,False,True
DEU,DEU1H380,1H380,aktiv,Süd,,False,True
DEU,DEU1H38A,1H38A,aktiv,Süd,,False,True
DEU,DEU1H38B,1H38B,aktiv,Süd,,False,True
DEU,DEU1H3B0,1H3B0,aktiv,Süd,,False,True
DEU,DEU1H410,1H410,aktiv,Süd,,False,True
DEU,DEU1H41A,1H41A,aktiv,Süd,,False,True
DEU,DEU1H58A,1H58A,aktiv,Süd,MTH1,False,True
DEU,DEU1H720,1H720,aktiv,Süd,MTH1,False,True
DEU,DEU1HGJ0,1HGJ0,aktiv,Nord,,False,True
DEU,DEU1HM90,1HM90,aktiv,Digital,,False,True
DEU,DEU1J598,1J598,aktiv,EFA,MTH1,True,True
DEU,DEU1J599,1J599,aktiv,Süd,MTH1,True,True
DEU,DEU1J59B,1J59B,aktiv,Süd,,False,True
DEU,DEU1J59N,1J59N,aktiv,Süd,MTH1,True,True
DEU,DEU1J59Q,1J59Q,aktiv,Süd,MTH1,True,True
DEU,DEU1J5A0,1J5A0,aktiv,Süd,MTH1,True,True
DEU,DEU1J6E0,1J6E0,aktiv,Süd,,False,True
DEU,DEU1H1B0,1H1B0,aktiv,Süd,MTH1,False,True
DEU,DEU1H1BB,1H1BB,aktiv,Süd,MTH1,False,True
DEU,DEU1H350,1H350,aktiv,Süd,MTH1,False,True
DEU,DEU1H38C,1H38C,aktiv,Süd,,False,True
DEU,DEU1H38E,1H38E,aktiv,Süd,,False,False
DEU,DEU1V39M,1V39M,aktiv,EFA,MTH1,True,False
DEU,DEU1H41B,1H41B,aktiv,Süd,,False,True
DEU,DEU1H550,1H550,aktiv,Süd,MTH1,False,True
DEU,DEU1H580,1H580,aktiv,Süd,MTH1,False,True
DEU,DEU1H7A0,1H7A0,aktiv,Süd,,False,True
DEU,DEU1HAJ0,1HAJ0,aktiv,Nord,,False,True
DEU,DEU1HAK0,1HAK0,aktiv,Nord,,False,True
DEU,DEU1J100,1J100,aktiv,Süd,MTH1,False,True
DEU,DEU1J590,1J590,aktiv,Süd,MTH1,True,True
DEU,DEU1J59K,1J59K,aktiv,Süd,MTH1,True,True
DEU,DEU1J59L,1J59L,aktiv,Süd,MTH1,True,True
DEU,DEU1J59T,1J59T,aktiv,Süd,,False,True
DEU,DEU1J810,1J810,aktiv,Süd,,False,True
DEU,DEU1J81A,1J81A,aktiv,Süd,,False,True
DEU,DEU1J81B,1J81B,aktiv,Süd,,False,True
DEU,DEU1J81C,1J81C,aktiv,Süd,,False,True
DEU,DEU1JB80,1JB80,aktiv,Nord,,False,True
DEU,DEU1T67K,1T67K,aktiv,Süd,,True,True
DEU,DEU1JF90,1JF90,aktiv,Nord,HTH1,False,True
DEU,DEU1JL90,1JL90,aktiv,Nord,HTH1,False,True
DEU,DEU1JXJ0,1JXJ0,aktiv,Nord,,False,True
DEU,DEU1K219,1K219,aktiv,Süd,MTH1,True,True
DEU,DEU1K270,1K270,terminated,Digital,,False,True
DEU,DEU1K2K0,1K2K0,aktiv,Süd,,False,True
DEU,DEU1K3B0,1K3B0,aktiv,Süd,,False,True
DEU,DEU1K510,1K510,aktiv,Süd,MTH1,False,True
DEU,DEU1K61B,1K61B,aktiv,Nord,HTH1,True,True
DEU,DEU1K6G0,1K6G0,aktiv,Nord,,False,True
DEU,DEU1K820,1K820,aktiv,Süd,MTH1,False,True
DEU,DEU1KL90,1KL90,aktiv,Nord,HTH1,False,True
DEU,DEU1K6K0,1K6K0,aktiv,Süd,,False,True
DEU,DEU1KM10,1KM10,aktiv,Nord,,False,False
DEU,DEU1KPJ0,1KPJ0,aktiv,Nord,,False,True
DEU,DEU1JD90,1JD90,aktiv,Nord,HTH1,False,True
DEU,DEU1JQ90,1JQ90,aktiv,Nord,HTH1,False,True
DEU,DEU1JV90,1JV90,aktiv,Nord,HTH1,False,True
DEU,DEU1K300,1K300,aktiv,Süd,MTH1,True,True
DEU,DEU1K30A,1K30A,aktiv,Süd,MTH1,True,True
DEU,DEU1K360,1K360,aktiv,Süd,MTH1,True,True
DEU,DEU1K5E0,1K5E0,aktiv,Süd,,False,True
DEU,DEU1K5G0,1K5G0,aktiv,Süd,,False,True
DEU,DEU1K610,1K610,aktiv,Nord,HTH1,True,True
DEU,DEU1K6A0,1K6A0,aktiv,Nord,,False,True
DEU,DEU1K6B0,1K6B0,aktiv,Nord,,False,True
DEU,DEU1K6C0,1K6C0,aktiv,Nord,,False,True
DEU,DEU1KA80,1KA80,aktiv,Nord,,False,True
DEU,DEU1KH90,1KH90,aktiv,Nord,HTH1,False,True
DEU,DEU1L179,1L179,aktiv,EFA,MTH1,True,True
DEU,DEU2V759,2V759,aktiv,Nord,,False,False
DEU,DEU1L200,1L200,aktiv,Süd,MTH1,False,True
DEU,DEU1L20B,1L20B,aktiv,Süd,,False,True
DEU,DEU1L250,1L250,aktiv,Süd,,False,True
DEU,DEU1L5B0,1L5B0,aktiv,Süd,,False,True
DEU,DEU1L5E0,1L5E0,aktiv,Süd,,False,True
DEU,DEU1L700,1L700,aktiv,Süd,MTH1,False,True
DEU,DEU1L750,1L750,aktiv,Süd,MTH1,False,True
DEU,DEU1L75C,1L75C,aktiv,Süd,MTH1,False,True
DEU,DEU1LTJ0,1LTJ0,aktiv,Nord,,False,True
DEU,DEU1M150,1M150,aktiv,Süd,MTH1,False,True
DEU,DEU1M160,1M160,terminated,Süd,MTH1,False,True
DEU,DEU1M210,1M210,aktiv,Süd,MTH1,False,True
DEU,DEU1M220,1M220,aktiv,Süd,MTH1,False,True
DEU,DEU1M340,1M340,aktiv,Süd,MTH1,False,True
DEU,DEU1M590,1M590,aktiv,Süd,MTH1,True,True
DEU,DEU1M68D,1M68D,aktiv,Süd,,False,True
DEU,DEU1M68E,1M68E,aktiv,Süd,MTH1,False,True
DEU,DEU1M68F,1M68F,aktiv,Süd,,False,True
DEU,DEU1M740,1M740,aktiv,Süd,MTH1,False,True
DEU,DEU1M760,1M760,aktiv,Süd,MTH1,False,True
DEU,DEU1M76A,1M76A,aktiv,Süd,MTH1,False,True
DEU,DEU1L690,1L690,aktiv,Süd,MTH1,False,True
DEU,DEU1L69A,1L69A,aktiv,Süd,MTH1,False,True
DEU,DEU1L6C0,1L6C0,aktiv,Süd,,False,True
DEU,DEU1L7C0,1L7C0,aktiv,Süd,,False,True
DEU,DEU1L7CA,1L7CA,aktiv,Süd,,False,True
DEU,DEU1L7E0,1L7E0,aktiv,Süd,,False,True
DEU,DEU1M180,1M180,aktiv,Süd,MTH1,False,True
DEU,DEU1M18A,1M18A,aktiv,Süd,MTH1,False,True
DEU,DEU1M1E0,1M1E0,aktiv,Süd,,False,True
DEU,DEU1M550,1M550,aktiv,Süd,,False,True
DEU,DEU1M55B,1M55B,aktiv,Süd,,False,True
DEU,DEU1M560,1M560,aktiv,Süd,MTH1,True,True
DEU,DEU1M680,1M680,aktiv,Süd,MTH1,False,True
DEU,DEU1M68B,1M68B,aktiv,Süd,MTH1,False,True
DEU,DEU1M68C,1M68C,aktiv,Süd,MTH1,False,True
DEU,DEU1M68G,1M68G,aktiv,Süd,,False,True
DEU,DEU1M68H,1M68H,aktiv,Süd,,False,False
DEU,DEU1M6D0,1M6D0,aktiv,Süd,,False,True
DEU,DEU1M860,1M860,aktiv,Süd,MTH1,False,True
DEU,DEU1M890,1M890,aktiv,Süd,MTH1,False,True
DEU,DEU1M8G0,1M8G0,aktiv,Süd,,False,True
DEU,DEU1M91A,1M91A,aktiv,Süd,MTH1,False,True
DEU,DEU1M980,1M980,aktiv,Süd,,False,True
DEU,DEU1MCJ0,1MCJ0,aktiv,Nord,,False,True
DEU,DEU1MEJ0,1MEJ0,aktiv,Nord,,False,True
DEU,DEU1MS80,1MS80,aktiv,Süd,MTH1,False,True
DEU,DEU1MS8A,1MS8A,aktiv,Süd,MTH1,False,True
DEU,DEU1N5E0,1N5E0,aktiv,Digital,,False,True
DEU,DEU1N6G0,1N6G0,aktiv,Süd,,False,True
DEU,DEU1N79B,1N79B,aktiv,Süd,MTH1,False,True
DEU,DEU1N7H0,1N7H0,aktiv,Süd,,False,True
DEU,DEU1N7J0,1N7J0,aktiv,Süd,,False,True
DEU,DEU1NA90,1NA90,aktiv,Nord,,False,True
DEU,DEU1NG90,1NG90,aktiv,Nord,HTH1,False,True
DEU,DEU1NPK0,1NPK0,aktiv,Nord,,False,True
DEU,DEU1NS90,1NS90,aktiv,Nord,,False,True
DEU,DEU1P130,1P130,aktiv,Süd,,False,True
DEU,DEU1M98A,1M98A,aktiv,Süd,,False,True
DEU,DEU1M990,1M990,aktiv,Süd,,False,True
DEU,DEU1M9A0,1M9A0,aktiv,Süd,,False,True
DEU,DEU1MG90,1MG90,aktiv,Nord,,False,True
DEU,DEU1ML90,1ML90,aktiv,Nord,,False,True
DEU,DEU1ML9B,1ML9B,aktiv,Nord,,False,True
DEU,DEU1MS8B,1MS8B,aktiv,Süd,MTH1,False,True
DEU,DEU1MS99,1MS99,aktiv,Süd,MTH1,True,True
DEU,DEU1MS9A,1MS9A,aktiv,Süd,MTH1,True,True
DEU,DEU1N550,1N550,aktiv,Süd,MTH1,False,True
DEU,DEU1N5C0,1N5C0,aktiv,Süd,,False,True
DEU,DEU1N700,1N700,aktiv,Nord,HTH1,False,True
DEU,DEU1N730,1N730,aktiv,Nord,,False,True
DEU,DEU1N790,1N790,aktiv,Süd,MTH1,False,True
DEU,DEU1N8A0,1N8A0,aktiv,Nord,,False,True
DEU,DEU1N8B0,1N8B0,aktiv,Süd,,False,True
DEU,DEU1N8F0,1N8F0,aktiv,Süd,,False,True
DEU,DEU1N8G0,1N8G0,aktiv,Süd,,False,True
DEU,DEU1NG9C,1NG9C,aktiv,Nord,HTH1,False,True
DEU,DEU1NG9D,1NG9D,aktiv,Nord,HTH1,False,True
DEU,DEU1NN90,1NN90,aktiv,Nord,,False,True
DEU,DEU1P199,1P199,aktiv,Süd,MTH1,False,True
DEU,DEU1P200,1P200,aktiv,Süd,,False,True
DEU,DEU1P550,1P550,aktiv,Süd,MTH1,True,True
DEU,DEU1P55B,1P55B,aktiv,Süd,MTH1,True,True
DEU,DEU1P590,1P590,aktiv,Süd,MTH1,False,True
DEU,DEU1P620,1P620,aktiv,Süd,,False,True
DEU,DEU1P640,1P640,aktiv,Süd,MTH1,False,True
DEU,DEU1P7B0,1P7B0,aktiv,Süd,,False,True
DEU,DEU1P7H0,1P7H0,aktiv,Süd,,False,True
DEU,DEU1P8G0,1P8G0,aktiv,Süd,,False,True
DEU,DEU2KM12,2KM12,aktiv,Nord,,False,False
DEU,DEU1P8H0,1P8H0,aktiv,Süd,,False,True
DEU,DEU1P8J0,1P8J0,aktiv,Süd,,False,True
DEU,DEU1PCJ0,1PCJ0,aktiv,Nord,,False,True
DEU,DEU1PCJC,1PCJC,aktiv,Nord,,False,True
DEU,DEU1PK90,1PK90,aktiv,Nord,HTH1,False,True
DEU,DEU1PP80,1PP80,aktiv,Nord,,False,True
DEU,DEU1PP90,1PP90,aktiv,Nord,,False,True
DEU,DEU1Q11D,1Q11D,aktiv,Süd,,False,True
DEU,DEU1Q53A,1Q53A,aktiv,Süd,MTH1,False,True
DEU,DEU1Q560,1Q560,aktiv,Süd,,False,True
DEU,DEU1Q5A0,1Q5A0,aktiv,Süd,,False,True
DEU,DEU1P59A,1P59A,terminated,Süd,,False,True
DEU,DEU1P59B,1P59B,aktiv,Süd,,False,True
DEU,DEU1P5A0,1P5A0,aktiv,Süd,,False,True
DEU,DEU1P6C0,1P6C0,aktiv,Süd,,False,True
DEU,DEU1P6H0,1P6H0,aktiv,Süd,,False,True
DEU,DEU1P700,1P700,aktiv,Süd,,False,True
DEU,DEU1P8C0,1P8C0,aktiv,Süd,,False,True
DEU,DEU1P9C0,1P9C0,aktiv,Süd,,False,True
DEU,DEU1P9L0,1P9L0,aktiv,Süd,,False,True
DEU,DEU1PA90,1PA90,aktiv,Nord,HTH1,False,True
DEU,DEU1PL90,1PL90,terminated,Nord,HTH1,False,True
DEU,DEU1PN90,1PN90,aktiv,Nord,HTH1,True,True
DEU,DEU1PN9A,1PN9A,aktiv,Nord,HTH1,True,True
DEU,DEU1PT90,1PT90,aktiv,Nord,HTH1,False,True
DEU,DEU1Q110,1Q110,aktiv,Süd,MTH1,False,True
DEU,DEU1Q119,1Q119,aktiv,EFA,MTH1,True,True
DEU,DEU1Q1K0,1Q1K0,aktiv,Süd,,False,True
DEU,DEU1Q3H0,1Q3H0,aktiv,Süd,,False,True
DEU,DEU1Q530,1Q530,aktiv,Süd,MTH1,False,True
DEU,DEU1Q5E0,1Q5E0,aktiv,Süd,,False,True
DEU,DEU1Q5K0,1Q5K0,aktiv,Süd,,False,True
DEU,DEU1Q650,1Q650,aktiv,Süd,MTH1,False,True
DEU,DEU1QFJ0,1QFJ0,aktiv,Nord,,False,True
DEU,DEU1QM90,1QM90,aktiv,Nord,HTH1,False,True
DEU,DEU1R3E0,1R3E0,aktiv,Süd,,False,True
DEU,DEU1V39N,1V39N,aktiv,EFA,MTH1,True,False
DEU,DEU1R3F0,1R3F0,aktiv,Digital,,False,True
DEU,DEU1R3G0,1R3G0,aktiv,Süd,,False,True
DEU,DEU1R4C0,1R4C0,aktiv,Süd,,False,True
DEU,DEU1R600,1R600,aktiv,Süd,MTH1,False,True
DEU,DEU1R840,1R840,aktiv,Süd,MTH1,False,True
DEU,DEU1R84A,1R84A,aktiv,Süd,MTH1,False,True
DEU,DEU1R84B,1R84B,aktiv,Süd,MTH1,False,True
DEU,DEU1R9D0,1R9D0,aktiv,Süd,,False,True
DEU,DEU1RB10,1RB10,aktiv,Digital,,False,True
DEU,DEU1RDJ0,1RDJ0,aktiv,Nord,,False,True
DEU,DEU1RF10,1RF10,aktiv,Nord,,False,True
DEU,DEU1S6B0,1S6B0,aktiv,Süd,,False,True
DEU,DEU1S6E0,1S6E0,aktiv,Nord,,False,True
DEU,DEU1Q8F0,1Q8F0,aktiv,Süd,,False,True
DEU,DEU1Q8J0,1Q8J0,aktiv,Süd,,False,True
DEU,DEU1Q9A0,1Q9A0,aktiv,Süd,,False,True
DEU,DEU1QM9A,1QM9A,aktiv,Nord,HTH1,False,True
DEU,DEU1R3J0,1R3J0,aktiv,Süd,MTH1,False,True
DEU,DEU1R470,1R470,aktiv,Süd,MTH1,False,True
DEU,DEU1R670,1R670,aktiv,Süd,,False,True
DEU,DEU1R67A,1R67A,aktiv,Süd,,False,True
DEU,DEU1R67B,1R67B,aktiv,Süd,,False,True
DEU,DEU1R8B0,1R8B0,aktiv,Süd,,False,True
DEU,DEU1R9E0,1R9E0,aktiv,Süd,,False,True
DEU,DEU1R9K0,1R9K0,aktiv,Süd,,False,True
DEU,DEU1RA90,1RA90,aktiv,Nord,HTH1,False,True
DEU,DEU1S100,1S100,aktiv,Süd,,False,True
DEU,DEU1S5G0,1S5G0,aktiv,Süd,,False,True
DEU,DEU1S680,1S680,aktiv,Süd,,False,True
DEU,DEU1S6F0,1S6F0,aktiv,Nord,,False,True
DEU,DEU1S6G0,1S6G0,aktiv,Süd,MTH1,True,True
DEU,DEU1S6G9,1S6G9,aktiv,Süd,MTH1,True,True
DEU,DEU1S760,1S760,aktiv,Nord,,False,True
DEU,DEU1S7A0,1S7A0,aktiv,Nord,,False,True
DEU,DEU1S8K0,1S8K0,aktiv,Nord,,False,True
DEU,DEU1SA90,1SA90,aktiv,Nord,HTH1,False,True
DEU,DEU1SB10,1SB10,aktiv,Digital,,False,True
DEU,DEU1SKJ0,1SKJ0,aktiv,Nord,,False,True
DEU,DEU1SMJ0,1SMJ0,aktiv,Nord,,False,True
DEU,DEU1T360,1T360,aktiv,Süd,MTH1,False,True
DEU,DEU1T36B,1T36B,aktiv,Süd,,False,True
DEU,DEU1T3A0,1T3A0,aktiv,Süd,,False,True
DEU,DEU1T670,1T670,aktiv,Süd,MTH1,True,True
DEU,DEU1T67B,1T67B,aktiv,Süd,MTH1,True,True
DEU,DEU1T67C,1T67C,aktiv,Süd,MTH1,True,True
DEU,DEU1T67P,1T67P,aktiv,Süd,MTH1,True,True
DEU,DEU1T67Q,1T67Q,aktiv,Süd,MTH1,True,True
DEU,DEU1T6DA,1T6DA,aktiv,Süd,,False,True
DEU,DEU1T6G0,1T6G0,aktiv,Süd,,False,True
DEU,DEU1T6K0,1T6K0,aktiv,Süd,,False,True
DEU,DEU1T7K0,1T7K0,aktiv,Süd,,False,True
DEU,DEU1T8G0,1T8G0,aktiv,Süd,MTH1,False,True
DEU,DEU1T8K0,1T8K0,aktiv,Süd,,False,True
DEU,DEU1S7B0,1S7B0,aktiv,Nord,,False,True
DEU,DEU1SC90,1SC90,aktiv,Nord,HTH1,False,True
DEU,DEU1SKH0,1SKH0,aktiv,Nord,,False,True
DEU,DEU1SQ90,1SQ90,aktiv,Nord,HTH1,False,True
DEU,DEU1SQ9C,1SQ9C,aktiv,Nord,,False,True
DEU,DEU1T330,1T330,aktiv,Süd,,False,True
DEU,DEU1T520,1T520,aktiv,Süd,MTH1,False,True
DEU,DEU1T5C0,1T5C0,aktiv,Süd,,False,True
DEU,DEU1T67F,1T67F,aktiv,Süd,MTH1,True,True
DEU,DEU1T67M,1T67M,aktiv,Süd,MTH1,True,True
DEU,DEU1T6B0,1T6B0,aktiv,Süd,,False,True
DEU,DEU1T6C0,1T6C0,aktiv,Süd,,False,True
DEU,DEU1T6D0,1T6D0,aktiv,Süd,,False,True
DEU,DEU1T710,1T710,aktiv,Süd,MTH1,False,True
DEU,DEU1T760,1T760,aktiv,Süd,MTH1,False,True
DEU,DEU1T7H0,1T7H0,aktiv,Süd,,False,True
DEU,DEU1T9A0,1T9A0,aktiv,Süd,,False,True
DEU,DEU1TQ90,1TQ90,aktiv,Nord,HTH1,False,True
DEU,DEU1TSJ0,1TSJ0,aktiv,Digital,,False,True
DEU,DEU1U120,1U120,aktiv,Süd,MTH1,False,True
DEU,DEU1U6DA,1U6DA,aktiv,Süd,,False,True
DEU,DEU1U710,1U710,aktiv,Süd,,False,True
DEU,DEU1U7B0,1U7B0,aktiv,Süd,,False,True
DEU,DEU1U8F0,1U8F0,aktiv,Süd,,False,True
DEU,DEU1U9A0,1U9A0,aktiv,Süd,,False,True
DEU,DEU1U9D0,1U9D0,aktiv,Süd,,False,True
DEU,DEU1UA9C,1UA9C,aktiv,Nord,HTH1,True,True
DEU,DEU1UF90,1UF90,aktiv,Nord,HTH1,False,True
DEU,DEU1UUJ0,1UUJ0,aktiv,Nord,,False,True
DEU,DEU1V11E,1V11E,aktiv,Süd,MTH1,False,True
DEU,DEU1V11F,1V11F,aktiv,EFA,MTH1,False,True
DEU,DEU1V1A0,1V1A0,aktiv,Nord,,False,True
DEU,DEU1V39P,1V39P,aktiv,Süd,MTH1,True,False
DEU,DEU1V340,1V340,aktiv,Süd,MTH1,False,True
DEU,DEU1U610,1U610,aktiv,Süd,MTH1,False,True
DEU,DEU1U620,1U620,aktiv,Süd,,False,True
DEU,DEU1U6A0,1U6A0,aktiv,Süd,,False,True
DEU,DEU1U6C0,1U6C0,aktiv,Süd,,False,True
DEU,DEU1U6D0,1U6D0,aktiv,Süd,,False,True
DEU,DEU1U7H0,1U7H0,aktiv,Süd,,False,True
DEU,DEU1U7HB,1U7HB,aktiv,Süd,,False,True
DEU,DEU1UA90,1UA90,aktiv,Nord,HTH1,True,True
DEU,DEU1UA9B,1UA9B,aktiv,Nord,HTH1,True,True
DEU,DEU1V100,1V100,aktiv,Süd,MTH1,False,True
DEU,DEU1V109,1V109,aktiv,EFA,MTH1,True,True
DEU,DEU1V10E,1V10E,aktiv,Süd,,False,True
DEU,DEU1V199,1V199,aktiv,EFA,MTH1,True,True
DEU,DEU1V1C0,1V1C0,aktiv,Digital,,False,True
DEU,DEU1V250,1V250,aktiv,Süd,MTH1,False,True
DEU,DEU1V299,1V299,aktiv,EFA,MTH1,True,True
DEU,DEU1V399,1V399,aktiv,EFA,MTH1,True,True
DEU,DEU1V3E0,1V3E0,aktiv,Süd,,False,True
DEU,DEU1V3F0,1V3F0,aktiv,Süd,,False,True
DEU,DEU1V3G0,1V3G0,aktiv,Süd,,False,True
DEU,DEU1V4H0,1V4H0,aktiv,Süd,,False,True
DEU,DEU1V4J0,1V4J0,aktiv,Süd,,False,True
DEU,DEU1V4K0,1V4K0,aktiv,Süd,,False,True
DEU,DEU1V6A0,1V6A0,aktiv,Süd,,False,True
DEU,DEU1V6B0,1V6B0,aktiv,Süd,,False,True
DEU,DEU1V6C0,1V6C0,aktiv,Süd,,False,True
DEU,DEU1V6KB,1V6KB,aktiv,Süd,,False,True
DEU,DEU1V740,1V740,aktiv,Süd,MTH1,True,True
DEU,DEU1V7F0,1V7F0,aktiv,Süd,,False,True
DEU,DEU1V830,1V830,aktiv,Süd,MTH1,False,True
DEU,DEU1V8C0,1V8C0,aktiv,Nord,,False,True
DEU,DEU1VA99,1VA99,aktiv,Nord,HTH1,True,True
DEU,DEU1VG9B,1VG9B,aktiv,Nord,HTH1,True,True
DEU,DEU1VGA0,1VGA0,terminated,Nord,,False,True
DEU,DEU1VGJ0,1VGJ0,terminated,Nord,,False,True
DEU,DEU1V3D0,1V3D0,aktiv,Süd,,False,True
DEU,DEU1V460,1V460,terminated,Süd,MTH1,False,True
DEU,DEU1V499,1V499,aktiv,EFA,MTH1,True,True
DEU,DEU1V4F0,1V4F0,aktiv,Süd,,False,True
DEU,DEU1V5F0,1V5F0,aktiv,Süd,,False,True
DEU,DEU1V5G0,1V5G0,aktiv,Süd,,False,True
DEU,DEU1V600,1V600,aktiv,Süd,MTH1,False,True
DEU,DEU1V6D0,1V6D0,aktiv,Süd,,False,True
DEU,DEU1V6K0,1V6K0,aktiv,Süd,,False,True
DEU,DEU1V790,1V790,aktiv,Süd,MTH1,False,True
DEU,DEU1V7A0,1V7A0,aktiv,Süd,,False,True
DEU,DEU1V860,1V860,aktiv,Süd,MTH1,False,True
DEU,DEU1V8A0,1V8A0,aktiv,Süd,,False,True
DEU,DEU1V8B0,1V8B0,aktiv,Süd,,False,True
DEU,DEU1VDJ0,1VDJ0,aktiv,Nord,,False,True
DEU,DEU1VEJ0,1VEJ0,aktiv,Nord,,False,True
DEU,DEU1VG90,1VG90,aktiv,Nord,HTH1,True,True
DEU,DEU1VP10,1VP10,aktiv,Nord,,False,True
DEU,DEU1VPJ0,1VPJ0,aktiv,Nord,,False,True
DEU,DEU1VPJB,1VPJB,aktiv,Nord,,False,True
DEU,DEU1VRJ0,1VRJ0,aktiv,Nord,,False,True
DEU,DEU1W1B0,1W1B0,aktiv,Nord,,False,True
DEU,DEU1W220,1W220,aktiv,Nord,HTH1,True,True
DEU,DEU1W25C,1W25C,aktiv,Süd,HTH1,True,True
DEU,DEU1W270,1W270,aktiv,Nord,,False,True
DEU,DEU1W27C,1W27C,aktiv,Nord,,False,True
DEU,DEU1W400,1W400,aktiv,Nord,,False,True
DEU,DEU1W40A,1W40A,aktiv,Süd,,False,True
DEU,DEU1W520,1W520,aktiv,Nord,,False,True
DEU,DEU1W6E0,1W6E0,aktiv,Nord,,False,True
DEU,DEU1W787,1W787,aktiv,EFA,MTH1,True,True
DEU,DEU1W788,1W788,aktiv,EFA,MTH1,True,True
DEU,DEU1WF10,1WF10,aktiv,Nord,,False,True
DEU,DEU1WG10,1WG10,aktiv,Nord,,False,True
DEU,DEU1WGJ0,1WGJ0,aktiv,Nord,,False,True
DEU,DEU1WZ10,1WZ10,aktiv,Nord,HTH1,False,True
DEU,DEU1X600,1X600,aktiv,Süd,MTH1,False,True
DEU,DEU1X690,1X690,aktiv,Nord,,False,True
DEU,DEU1X6C0,1X6C0,aktiv,Süd,,False,True
DEU,DEU1X7D0,1X7D0,aktiv,Nord,,False,True
DEU,DEU1X7E0,1X7E0,aktiv,Nord,,False,True
DEU,DEU1W250,1W250,aktiv,Süd,HTH1,True,True
DEU,DEU1W259,1W259,aktiv,Süd,MTH1,True,True
DEU,DEU1W25A,1W25A,aktiv,Süd,HTH1,True,True
DEU,DEU1W2A0,1W2A0,aktiv,Digital,,False,True
DEU,DEU1W2D0,1W2D0,aktiv,Nord,,False,True
DEU,DEU1W2L0,1W2L0,aktiv,Nord,,False,True
DEU,DEU1W540,1W540,aktiv,Süd,HTH1,True,True
DEU,DEU1W54A,1W54A,aktiv,Süd,HTH1,True,True
DEU,DEU1W6B0,1W6B0,aktiv,Digital,,False,True
DEU,DEU1W7C0,1W7C0,aktiv,Nord,,False,True
DEU,DEU1W7D0,1W7D0,aktiv,Digital,,False,True
DEU,DEU1WU90,1WU90,aktiv,Nord,,False,True
DEU,DEU1WW10,1WW10,aktiv,Nord,,False,True
DEU,DEU1WWJ0,1WWJ0,aktiv,Nord,,False,True
DEU,DEU1X60A,1X60A,aktiv,Süd,,False,True
DEU,DEU1X620,1X620,aktiv,Nord,,False,True
DEU,DEU1X640,1X640,aktiv,Süd,MTH1,False,True
DEU,DEU1X6F0,1X6F0,aktiv,Nord,,False,True
DEU,DEU1X7A0,1X7A0,aktiv,Nord,,False,True
DEU,DEU1X8E0,1X8E0,aktiv,Nord,,False,True
DEU,DEU1X8H0,1X8H0,aktiv,Nord,,False,True
DEU,DEU1X8J0,1X8J0,aktiv,Süd,,False,True
DEU,DEU1X8JA,1X8JA,aktiv,Süd,,False,True
DEU,DEU1X8K0,1X8K0,aktiv,Süd,,False,True
DEU,DEU1X930,1X930,aktiv,Nord,HTH1,False,True
DEU,DEU1X93A,1X93A,aktiv,Nord,HTH1,False,True
DEU,DEU1X980,1X980,aktiv,Süd,MTH1,False,True
DEU,DEU1X9D0,1X9D0,aktiv,Süd,,False,True
DEU,DEU1X9E0,1X9E0,aktiv,Nord,,False,True
DEU,DEU1XK90,1XK90,aktiv,Nord,HTH1,False,True
DEU,DEU1Y110,1Y110,aktiv,Süd,,False,True
DEU,DEU1Y130,1Y130,aktiv,Süd,MTH1,False,True
DEU,DEU1Y13B,1Y13B,aktiv,Süd,MTH1,False,True
DEU,DEU1Y13C,1Y13C,aktiv,Süd,MTH1,False,True
DEU,DEU1Y52B,1Y52B,aktiv,Süd,HTH1,True,True
DEU,DEU1Y52C,1Y52C,aktiv,Süd,HTH1,True,True
DEU,DEU1Y6J0,1Y6J0,aktiv,Süd,,False,True
DEU,DEU1Y7K0,1Y7K0,aktiv,Süd,,False,True
DEU,DEU1Y800,1Y800,aktiv,Süd,HTH1,True,True
DEU,DEU1Y80A,1Y80A,aktiv,Süd,HTH1,True,True
DEU,DEU1YD9A,1YD9A,aktiv,Nord,HTH1,False,True
DEU,DEU1YD9C,1YD9C,terminated,Nord,HTH1,False,True
DEU,DEU1YF90,1YF90,aktiv,Nord,,False,True
DEU,DEU1YNJ0,1YNJ0,aktiv,Nord,,False,True
DEU,DEU1YQ90,1YQ90,aktiv,Nord,,False,True
DEU,DEU1YT90,1YT90,aktiv,Nord,HTH1,False,True
DEU,DEU1X93C,1X93C,aktiv,Nord,,False,True
DEU,DEU1X93D,1X93D,terminated,Nord,,False,True
DEU,DEU1X93F,1X93F,aktiv,Nord,,False,True
DEU,DEU1XFJ0,1XFJ0,aktiv,Digital,,False,True
DEU,DEU1Y11A,1Y11A,aktiv,Süd,,False,True
DEU,DEU1Y120,1Y120,aktiv,Süd,,False,True
DEU,DEU1Y520,1Y520,aktiv,Süd,HTH1,True,True
DEU,DEU1Y52A,1Y52A,aktiv,Süd,HTH1,True,True
DEU,DEU1Y700,1Y700,aktiv,Süd,MTH1,False,True
DEU,DEU1Y720,1Y720,aktiv,Süd,MTH1,False,True
DEU,DEU1Y9C0,1Y9C0,aktiv,Süd,,False,True
DEU,DEU1YBJ0,1YBJ0,aktiv,Digital,,False,True
DEU,DEU1YD90,1YD90,aktiv,Nord,HTH1,False,True
DEU,DEU1YF9A,1YF9A,aktiv,Nord,,False,True
DEU,DEU1YGJ0,1YGJ0,aktiv,Nord,,False,True
DEU,DEU1YJ90,1YJ90,aktiv,Nord,HTH1,False,True
DEU,DEU1Z179,1Z179,aktiv,Süd,MTH1,True,True
DEU,DEU1Z1B0,1Z1B0,aktiv,Süd,,False,True
DEU,DEU1Z1E0,1Z1E0,aktiv,Süd,,False,True
DEU,DEU1Z540,1Z540,aktiv,Süd,MTH1,False,True
DEU,DEU1Z54A,1Z54A,aktiv,Süd,,False,True
DEU,DEU1Z5A0,1Z5A0,aktiv,Digital,,False,True
DEU,DEU1Z6E0,1Z6E0,aktiv,Süd,,False,True
DEU,DEU1Z730,1Z730,aktiv,Süd,MTH1,False,True
DEU,DEU1Z73A,1Z73A,aktiv,Süd,MTH1,False,True
DEU,DEU1Z860,1Z860,aktiv,Süd,,False,True
DEU,DEU1Z880,1Z880,aktiv,Süd,MTH1,True,True
DEU,DEU1Z88A,1Z88A,aktiv,Süd,MTH1,True,True
DEU,DEU1Z88F,1Z88F,aktiv,Süd,MTH1,True,True
DEU,DEU1Z88G,1Z88G,aktiv,Süd,MTH1,True,True
DEU,DEU1Z88H,1Z88H,aktiv,Süd,MTH1,True,True
DEU,DEU1Z8G0,1Z8G0,aktiv,Süd,,False,True
DEU,DEU1Z9A0,1Z9A0,aktiv,Süd,,False,True
DEU,DEU2A172,2A172,aktiv,Süd,MTH1,True,True
DEU,DEU2A180,2A180,aktiv,Digital,,False,True
DEU,DEU2A360,2A360,aktiv,Digital,,False,True
DEU,DEU1Z1F0,1Z1F0,aktiv,Süd,,False,True
DEU,DEU1Z520,1Z520,aktiv,Süd,MTH1,False,True
DEU,DEU1Z52B,1Z52B,aktiv,Süd,MTH1,False,True
DEU,DEU1Z5G0,1Z5G0,aktiv,Süd,,False,True
DEU,DEU1Z600,1Z600,aktiv,Süd,MTH1,False,True
DEU,DEU1Z750,1Z750,aktiv,Süd,MTH1,False,True
DEU,DEU1Z800,1Z800,aktiv,Süd,MTH1,False,True
DEU,DEU1Z88B,1Z88B,aktiv,Süd,MTH1,True,True
DEU,DEU1Z88D,1Z88D,aktiv,Süd,MTH1,True,True
DEU,DEU1Z88E,1Z88E,aktiv,Süd,MTH1,True,True
DEU,DEU1Z88K,1Z88K,aktiv,Süd,MTH1,True,True
DEU,DEU1Z88L,1Z88L,aktiv,Süd,MTH1,True,True
DEU,DEU1Z88M,1Z88M,aktiv,Süd,,True,True
DEU,DEU2A120,2A120,aktiv,Nord,,False,True
DEU,DEU2A170,2A170,aktiv,Nord,,False,True
DEU,DEU2A270,2A270,aktiv,Nord,,False,True
DEU,DEU2A300,2A300,aktiv,Nord,,False,True
DEU,DEU2A390,2A390,aktiv,Süd,,False,True
DEU,DEU2A730,2A730,aktiv,Digital,,False,True
DEU,DEU2A850,2A850,aktiv,Nord,MTH1,True,True
DEU,DEU2A860,2A860,aktiv,Süd,,False,True
DEU,DEU2B107,2B107,aktiv,Nord,,False,True
DEU,DEU2B135,2B135,aktiv,Nord,,False,True
DEU,DEU2B139,2B139,aktiv,Nord,HTH2,True,True
DEU,DEU2B210,2B210,aktiv,Nord,,False,True
DEU,DEU2A532,2A532,aktiv,Nord,,False,True
DEU,DEU2A670,2A670,aktiv,Nord,,False,True
DEU,DEU2A700,2A700,aktiv,Digital,,False,True
DEU,DEU2A790,2A790,aktiv,Nord,,False,True
DEU,DEU2A950,2A950,aktiv,Digital,,False,True
DEU,DEU2AH12,2AH12,aktiv,Nord,,False,True
DEU,DEU2B132,2B132,aktiv,Nord,HTH2,True,True
DEU,DEU2B134,2B134,aktiv,Nord,HTH2,True,True
DEU,DEU2B290,2B290,aktiv,Süd,MTH1,False,True
DEU,DEU2B300,2B300,aktiv,Nord,,False,True
DEU,DEU2B320,2B320,terminated,Süd,,False,True
DEU,DEU2B340,2B340,aktiv,Süd,,False,True
DEU,DEU2B350,2B350,aktiv,Süd,,False,True
DEU,DEU2C111,2C111,aktiv,Nord,,False,True
DEU,DEU2C113,2C113,aktiv,Nord,HTH1,True,True
DEU,DEU2C150,2C150,aktiv,Nord,,False,True
DEU,DEU2C532,2C532,aktiv,Nord,,False,True
DEU,DEU2C609,2C609,aktiv,Nord,,False,True
DEU,DEU2C644,2C644,aktiv,Nord,,False,True
DEU,DEU2C842,2C842,aktiv,Nord,,False,True
DEU,DEU2D301,2D301,aktiv,Süd,,False,True
DEU,DEU2D305,2D305,aktiv,Digital,,False,True
DEU,DEU2D444,2D444,aktiv,Nord,,False,True
DEU,DEU2B503,2B503,aktiv,D01,,False,True
DEU,DEU2B584,2B584,aktiv,Nord,,False,True
DEU,DEU2C159,2C159,aktiv,Nord,,False,True
DEU,DEU2C53A,2C53A,aktiv,Nord,,False,True
DEU,DEU2C580,2C580,aktiv,Nord,,False,True
DEU,DEU2C715,2C715,aktiv,Nord,,False,True
DEU,DEU2C781,2C781,aktiv,Nord,,False,True
DEU,DEU2D243,2D243,terminated,Süd,,False,True
DEU,DEU2D244,2D244,aktiv,Digital,,False,True
DEU,DEU2D323,2D323,aktiv,Süd,,False,True
DEU,DEU2D529,2D529,aktiv,Nord,,False,True
DEU,DEU2D555,2D555,aktiv,Süd,,False,True
DEU,DEU2D556,2D556,aktiv,Süd,,False,True
DEU,DEU2D576,2D576,aktiv,Digital,,False,True
DEU,DEU2D580,2D580,aktiv,Nord,,False,True
DEU,DEU2D768,2D768,aktiv,Süd,,False,True
DEU,DEU2D769,2D769,aktiv,Süd,,False,True
DEU,DEU2D863,2D863,aktiv,Digital,,False,True
DEU,DEU2D874,2D874,aktiv,Süd,,False,True
DEU,DEU2DT93,2DT93,aktiv,Nord,,False,True
DEU,DEU1E150,1E150,aktiv,Nord,HTH1,False,False
DEU,DEU2E178,2E178,aktiv,Nord,,False,True
DEU,DEU2E310,2E310,aktiv,Nord,,False,True
DEU,DEU2EA93,2EA93,aktiv,Nord,,False,True
DEU,DEU2F566,2F566,aktiv,Süd,,False,True
DEU,DEU2F582,2F582,aktiv,Nord,,False,True
DEU,DEU2D590,2D590,aktiv,Digital,,False,True
DEU,DEU2D660,2D660,aktiv,Nord,,False,True
DEU,DEU2D781,2D781,aktiv,Süd,,False,True
DEU,DEU2D827,2D827,aktiv,Nord,,False,True
DEU,DEU2D885,2D885,aktiv,Digital,,False,True
DEU,DEU2D890,2D890,aktiv,Süd,,False,True
DEU,DEU2D913,2D913,aktiv,Nord,,False,True
DEU,DEU2DA10,2DA10,aktiv,Digital,,False,True
DEU,DEU2DL91,2DL91,aktiv,Nord,,False,True
DEU,DEU2DT94,2DT94,aktiv,Nord,,False,True
DEU,DEU2DT95,2DT95,aktiv,Nord,,False,True
DEU,DEU2DU80,2DU80,aktiv,Digital,,False,True
DEU,DEU2E581,2E581,aktiv,Nord,,False,False
DEU,DEU2E624,2E624,aktiv,Nord,,False,True
DEU,DEU2F651,2F651,aktiv,Süd,,False,True
DEU,DEU2F653,2F653,aktiv,Süd,,False,True
DEU,DEU2F703,2F703,aktiv,Digital,,False,True
DEU,DEU2F713,2F713,aktiv,Nord,,False,True
DEU,DEU2F730,2F730,aktiv,Nord,,False,True
DEU,DEU2F811,2F811,aktiv,Nord,,False,True
DEU,DEU2F841,2F841,aktiv,Nord,,False,True
DEU,DEU2F843,2F843,aktiv,Digital,,False,True
DEU,DEU2G160,2G160,aktiv,Nord,,False,True
DEU,DEU2G170,2G170,aktiv,Digital,,False,True
DEU,DEU2G684,2G684,aktiv,Nord,,False,True
DEU,DEU2H142,2H142,aktiv,Süd,,False,True
DEU,DEU2H220,2H220,aktiv,Süd,,False,True
DEU,DEU2H305,2H305,aktiv,Süd,,False,True
DEU,DEU2H514,2H514,aktiv,Digital,,False,True
DEU,DEU2F754,2F754,aktiv,Nord,,False,True
DEU,DEU2F772,2F772,aktiv,Nord,,False,True
DEU,DEU2F828,2F828,aktiv,Nord,,False,True
DEU,DEU2F829,2F829,aktiv,Nord,,False,True
DEU,DEU2FS91,2FS91,terminated,Nord,,False,True
DEU,DEU2FU92,2FU92,aktiv,Nord,,False,True
DEU,DEU2G300,2G300,aktiv,Süd,,False,True
DEU,DEU2G551,2G551,aktiv,Nord,,False,True
DEU,DEU2H250,2H250,aktiv,Süd,,False,True
DEU,DEU2H583,2H583,aktiv,Süd,,False,True
DEU,DEU2H586,2H586,aktiv,Süd,,False,True
DEU,DEU2H663,2H663,aktiv,Nord,,False,True
DEU,DEU2H679,2H679,aktiv,Nord,,False,True
DEU,DEU2H682,2H682,aktiv,Nord,,False,True
DEU,DEU2H683,2H683,aktiv,Nord,,False,True
DEU,DEU2H685,2H685,aktiv,Nord,,False,True
DEU,DEU2H704,2H704,aktiv,Nord,,False,True
DEU,DEU2H714,2H714,terminated,Digital,,False,True
DEU,DEU2HK92,2HK92,aktiv,Nord,,False,True
DEU,DEU2J575,2J575,aktiv,Süd,,False,True
DEU,DEU2J602,2J602,aktiv,Süd,,False,True
DEU,DEU2JL10,2JL10,aktiv,Nord,,False,True
DEU,DEU2K271,2K271,aktiv,Süd,,False,True
DEU,DEU2K515,2K515,aktiv,Süd,,False,True
DEU,DEU2K590,2K590,aktiv,Süd,,False,True
DEU,DEU2K709,2K709,aktiv,Süd,,False,True
DEU,DEU2H708,2H708,terminated,Digital,,False,True
DEU,DEU2J100,2J100,aktiv,Nord,,False,True
DEU,DEU2JH80,2JH80,aktiv,Digital,,False,True
DEU,DEU2K450,2K450,aktiv,Süd,,False,True
DEU,DEU2K510,2K510,aktiv,Süd,,False,True
DEU,DEU2K514,2K514,aktiv,Digital,,False,False
DEU,DEU2K594,2K594,aktiv,Süd,,False,True
DEU,DEU2K645,2K645,aktiv,Süd,,False,True
DEU,DEU2K685,2K685,aktiv,Süd,,False,True
DEU,DEU2K690,2K690,aktiv,Süd,,False,True
DEU,DEU2K742,2K742,aktiv,Digital,,False,True
DEU,DEU2K751,2K751,aktiv,Digital,,False,True
DEU,DEU2L170,2L170,aktiv,Süd,,False,True
DEU,DEU2L174,2L174,aktiv,Süd,,False,True
DEU,DEU2L201,2L201,aktiv,Nord,,False,True
DEU,DEU2L585,2L585,aktiv,Süd,,False,True
DEU,DEU2L695,2L695,aktiv,Süd,MTH1,True,True
DEU,DEU2LJ94,2LJ94,aktiv,Nord,,False,True
DEU,DEU2M152,2M152,aktiv,Süd,,False,True
DEU,DEU2M161,2M161,aktiv,Süd,,False,False
DEU,DEU2M531,2M531,aktiv,Süd,,False,True
DEU,DEU2M580,2M580,aktiv,Süd,,False,True
DEU,DEU2M583,2M583,aktiv,Digital,,False,True
DEU,DEU2KA92,2KA92,aktiv,Digital,,False,True
DEU,DEU2KG93,2KG93,aktiv,Nord,,False,True
DEU,DEU2L120,2L120,aktiv,Nord,,False,True
DEU,DEU2L125,2L125,aktiv,Süd,,False,True
DEU,DEU2L554,2L554,aktiv,Digital,,False,True
DEU,DEU2L651,2L651,aktiv,Süd,,False,True
DEU,DEU2L652,2L652,aktiv,Süd,,False,True
DEU,DEU2LW93,2LW93,aktiv,Nord,,False,True
DEU,DEU2M400,2M400,aktiv,Süd,,False,True
DEU,DEU2M545,2M545,aktiv,Süd,,False,True
DEU,DEU2M585,2M585,aktiv,Süd,,False,True
DEU,DEU2M587,2M587,aktiv,Süd,,False,True
DEU,DEU2M681,2M681,aktiv,Süd,,False,True
DEU,DEU2M710,2M710,aktiv,Süd,,False,True
DEU,DEU2M881,2M881,aktiv,Süd,,False,True
DEU,DEU2N550,2N550,aktiv,Digital,,False,True
DEU,DEU2N553,2N553,aktiv,Süd,,False,True
DEU,DEU2N562,2N562,aktiv,Nord,,False,True
DEU,DEU2N844,2N844,aktiv,Digital,,False,True
DEU,DEU2NG91,2NG91,aktiv,Nord,,False,True
DEU,DEU2M640,2M640,aktiv,Digital,,False,True
DEU,DEU2M682,2M682,aktiv,Nord,,False,True
DEU,DEU2M687,2M687,terminated,Nord,,False,True
DEU,DEU2M704,2M704,aktiv,Süd,,False,True
DEU,DEU2M752,2M752,aktiv,Nord,,False,True
DEU,DEU2M756,2M756,aktiv,Nord,,False,True
DEU,DEU2M769,2M769,terminated,Süd,,False,True
DEU,DEU2MQ92,2MQ92,aktiv,Nord,,False,True
DEU,DEU2N580,2N580,aktiv,Süd,,False,True
DEU,DEU2N738,2N738,terminated,Digital,,False,True
DEU,DEU2N762,2N762,aktiv,Digital,,False,True
DEU,DEU2N797,2N797,aktiv,Süd,,False,True
DEU,DEU2NG97,2NG97,aktiv,Nord,HTH1,False,True
DEU,DEU2NG98,2NG98,aktiv,Nord,HTH1,False,True
DEU,DEU2NN95,2NN95,aktiv,Nord,,False,True
DEU,DEU2P152,2P152,aktiv,Digital,,False,True
DEU,DEU2P726,2P726,aktiv,Süd,,False,True
DEU,DEU2P789,2P789,aktiv,Süd,,False,True
DEU,DEU2PC11,2PC11,aktiv,Nord,,False,True
DEU,DEU2PC91,2PC91,aktiv,Digital,,False,True
DEU,DEU2PK90,2PK90,aktiv,Nord,,False,True
DEU,DEU2PQ91,2PQ91,aktiv,Nord,,False,True
DEU,DEU2Q561,2Q561,aktiv,Süd,,False,True
DEU,DEU2P102,2P102,aktiv,Süd,,False,True
DEU,DEU2P110,2P110,aktiv,Süd,,False,True
DEU,DEU2P634,2P634,aktiv,Süd,,False,True
DEU,DEU2P914,2P914,aktiv,Süd,,False,True
DEU,DEU2P915,2P915,aktiv,Süd,,False,True
DEU,DEU2PK92,2PK92,aktiv,Nord,,False,True
DEU,DEU2PP90,2PP90,aktiv,Süd,,False,True
DEU,DEU2PQ92,2PQ92,aktiv,Digital,,False,True
DEU,DEU2PS30,2PS30,aktiv,Süd,,False,True
DEU,DEU2Q100,2Q100,aktiv,Süd,,False,True
DEU,DEU2Q539,2Q539,aktiv,Süd,,False,True
DEU,DEU2Q546,2Q546,aktiv,Digital,,False,True
DEU,DEU2Q584,2Q584,aktiv,Süd,,False,True
DEU,DEU2Q585,2Q585,aktiv,Süd,,False,True
DEU,DEU2Q726,2Q726,aktiv,Süd,,False,True
DEU,DEU2Q943,2Q943,aktiv,Süd,,False,True
DEU,DEU2R740,2R740,aktiv,Süd,,False,True
DEU,DEU2R912,2R912,aktiv,Digital,,False,True
DEU,DEU2RD91,2RD91,aktiv,Nord,,False,True
DEU,DEU2RF13,2RF13,aktiv,Nord,,False,False
DEU,DEU2S110,2S110,aktiv,Süd,,False,True
DEU,DEU2S622,2S622,aktiv,Nord,,False,False
DEU,DEU2S651,2S651,aktiv,Nord,,False,True
DEU,DEU2S672,2S672,aktiv,Nord,,False,True
DEU,DEU2S852,2S852,aktiv,Digital,,False,True
DEU,DEU2Q890,2Q890,aktiv,Süd,,False,True
DEU,DEU2R567,2R567,aktiv,Süd,,False,True
DEU,DEU2R600,2R600,aktiv,Nord,,False,True
DEU,DEU2R741,2R741,aktiv,Süd,,False,True
DEU,DEU2R760,2R760,aktiv,Süd,,False,True
DEU,DEU2RD31,2RD31,aktiv,Nord,,False,True
DEU,DEU2S576,2S576,aktiv,Süd,,False,True
DEU,DEU2S652,2S652,aktiv,Nord,,False,True
DEU,DEU2S656,2S656,aktiv,Nord,,False,True
DEU,DEU2S664,2S664,aktiv,Süd,,False,True
DEU,DEU2S667,2S667,aktiv,Süd,,False,True
DEU,DEU2S898,2S898,terminated,Süd,MTH1,True,True
DEU,DEU2SB60,2SB60,aktiv,Süd,,False,True
DEU,DEU2SK92,2SK92,aktiv,Nord,,False,True
DEU,DEU2T317,2T317,aktiv,Süd,,False,True
DEU,DEU2T331,2T331,aktiv,Süd,,False,True
DEU,DEU2T582,2T582,aktiv,Digital,,False,True
DEU,DEU2T654,2T654,aktiv,Süd,,False,True
DEU,DEU2T674,2T674,aktiv,Süd,,True,True
DEU,DEU2T717,2T717,aktiv,Süd,,False,True
DEU,DEU2TA92,2TA92,aktiv,Süd,,False,True
DEU,DEU2TL26,2TL26,aktiv,Nord,,False,True
DEU,DEU2U624,2U624,aktiv,Süd,,False,True
DEU,DEU2U639,2U639,aktiv,Süd,,False,True
DEU,DEU2U643,2U643,aktiv,Süd,,False,True
DEU,DEU2U699,2U699,aktiv,Süd,,False,True
DEU,DEU2T337,2T337,aktiv,Süd,,False,True
DEU,DEU2T554,2T554,aktiv,Süd,,False,True
DEU,DEU2T613,2T613,aktiv,Digital,,False,True
DEU,DEU2T679,2T679,aktiv,Süd,,False,True
DEU,DEU2T803,2T803,aktiv,Digital,,False,False
DEU,DEU2U413,2U413,aktiv,Digital,,False,True
DEU,DEU2U414,2U414,aktiv,Süd,,False,True
DEU,DEU2U525,2U525,aktiv,Süd,,False,True
DEU,DEU2UA91,2UA91,aktiv,Nord,,False,True
DEU,DEU2V102,2V102,aktiv,Süd,,False,True
DEU,DEU2V103,2V103,aktiv,Süd,,False,False
DEU,DEU2V107,2V107,aktiv,Süd,,False,True
DEU,DEU2V193,2V193,aktiv,Süd,,False,True
DEU,DEU2V200,2V200,aktiv,Süd,,False,True
DEU,DEU2V348,2V348,aktiv,Süd,,False,True
DEU,DEU2V462,2V462,aktiv,Digital,,False,True
DEU,DEU2V466,2V466,aktiv,Süd,,False,False
DEU,DEU2V624,2V624,aktiv,Digital,,False,True
DEU,DEU2V658,2V658,aktiv,Digital,,False,True
DEU,DEU2V659,2V659,aktiv,Süd,,False,True
DEU,DEU2UF92,2UF92,aktiv,Nord,,False,True
DEU,DEU2V127,2V127,aktiv,Süd,,False,True
DEU,DEU2V132,2V132,aktiv,Süd,,False,True
DEU,DEU2V254,2V254,aktiv,Süd,,False,True
DEU,DEU2V255,2V255,aktiv,Süd,,False,True
DEU,DEU2V363,2V363,aktiv,Süd,,False,True
DEU,DEU2V365,2V365,aktiv,Süd,,False,True
DEU,DEU2V417,2V417,terminated,Digital,,False,True
DEU,DEU2V419,2V419,aktiv,Digital,,False,True
DEU,DEU2V433,2V433,aktiv,Digital,,False,True
DEU,DEU2V588,2V588,aktiv,Süd,,False,True
DEU,DEU2V628,2V628,aktiv,Süd,,False,False
DEU,DEU2V635,2V635,aktiv,Süd,,False,True
DEU,DEU2V654,2V654,aktiv,Süd,,False,True
DEU,DEU2V667,2V667,aktiv,Digital,,False,True
DEU,DEU2V691,2V691,aktiv,Digital,,False,True
DEU,DEU2V752,2V752,aktiv,Süd,,False,True
DEU,DEU2V792,2V792,aktiv,Digital,,False,True
DEU,DEU2V813,2V813,aktiv,Süd,,False,True
DEU,DEU2VE91,2VE91,aktiv,Nord,,False,True
DEU,DEU2VG11,2VG11,aktiv,Nord,HTH1,True,True
DEU,DEU2VG15,2VG15,aktiv,Nord,HTH1,True,True
DEU,DEU2VG95,2VG95,aktiv,Digital,,False,True
DEU,DEU2VG98,2VG98,aktiv,Nord,,False,True
DEU,DEU2VX91,2VX91,aktiv,Nord,,False,True
DEU,DEU2W111,2W111,aktiv,Nord,,False,True
DEU,DEU2W251,2W251,aktiv,Nord,,False,True
DEU,DEU2W291,2W291,terminated,Digital,,False,True
DEU,DEU2WF10,2WF10,aktiv,Nord,,False,True
DEU,DEU2WF30,2WF30,aktiv,Nord,,False,True
DEU,DEU2V758,2V758,aktiv,Digital,,False,True
DEU,DEU2V763,2V763,aktiv,Süd,,False,True
DEU,DEU2VA93,2VA93,aktiv,Nord,,False,True
DEU,DEU2VG12,2VG12,aktiv,Nord,HTH1,True,True
DEU,DEU2VG13,2VG13,aktiv,Nord,HTH1,True,True
DEU,DEU2VG14,2VG14,aktiv,Nord,HTH1,True,True
DEU,DEU2VK92,2VK92,aktiv,Nord,,False,True
DEU,DEU2VN95,2VN95,aktiv,Digital,,False,True
DEU,DEU2W115,2W115,aktiv,Süd,,False,True
DEU,DEU2W182,2W182,aktiv,Nord,,False,True
DEU,DEU2W512,2W512,aktiv,Nord,,False,True
DEU,DEU2WA22,2WA22,aktiv,Nord,HTH1,True,True
DEU,DEU2WA94,2WA94,aktiv,Digital,,False,True
DEU,DEU2WP91,2WP91,aktiv,Digital,,False,True
DEU,DEU2WP93,2WP93,aktiv,Digital,,False,True
DEU,DEU2WQ92,2WQ92,aktiv,Nord,,False,True
DEU,DEU2WU91,2WU91,aktiv,Nord,,False,True
DEU,DEU2X581,2X581,aktiv,Süd,,False,True
DEU,DEU2X634,2X634,aktiv,Süd,,False,True
DEU,DEU2X731,2X731,aktiv,Nord,,False,True
DEU,DEU2X804,2X804,aktiv,Süd,,False,True
DEU,DEU2X843,2X843,aktiv,Digital,,False,True
DEU,DEU2X985,2X985,aktiv,Süd,,False,True
DEU,DEU2X986,2X986,aktiv,Digital,,False,True
DEU,DEU2Y303,2Y303,terminated,Süd,,False,True
DEU,DEU2Y311,2Y311,aktiv,Süd,,False,True
DEU,DEU2Y360,2Y360,aktiv,Nord,,False,True
DEU,DEU2XQ96,2XQ96,aktiv,Neu,,False,False
DEU,DEU2Y526,2Y526,aktiv,Süd,,False,True
DEU,DEU2Y527,2Y527,aktiv,Süd,,False,True
DEU,DEU2WY92,2WY92,aktiv,Nord,,False,True
DEU,DEU2X612,2X612,aktiv,Nord,,False,True
DEU,DEU2X615,2X615,aktiv,Nord,,False,True
DEU,DEU2X619,2X619,aktiv,Nord,,False,True
DEU,DEU2X620,2X620,aktiv,Digital,,False,True
DEU,DEU2X713,2X713,aktiv,Digital,,False,True
DEU,DEU2X826,2X826,aktiv,Nord,,False,True
DEU,DEU2X881,2X881,aktiv,Nord,,False,True
DEU,DEU2X892,2X892,aktiv,Süd,,False,True
DEU,DEU2XK97,2XK97,aktiv,Nord,,False,True
DEU,DEU2XK98,2XK98,aktiv,Nord,,False,True
DEU,DEU2Y354,2Y354,aktiv,Digital,,False,True
DEU,DEU2Y653,2Y653,aktiv,Süd,,False,True
DEU,DEU2Y665,2Y665,aktiv,Digital,,False,True
DEU,DEU2YF94,2YF94,aktiv,Nord,,False,True
DEU,DEU2YQ91,2YQ91,aktiv,Nord,,False,True
DEU,DEU2Z152,2Z152,aktiv,Süd,,False,True
DEU,DEU2Z213,2Z213,aktiv,Digital,,False,True
DEU,DEU2Z735,2Z735,aktiv,Digital,,False,True
DEU,DEU2Z822,2Z822,terminated,Digital,,False,True
DEU,DEU2Z865,2Z865,aktiv,Süd,,False,True
DEU,DEU2Y753,2Y753,aktiv,Digital,,False,True
DEU,DEU2Y755,2Y755,aktiv,Süd,,False,True
DEU,DEU2Y825,2Y825,terminated,Digital,,False,True
DEU,DEU2Y934,2Y934,aktiv,Süd,,False,True
DEU,DEU2YQ95,2YQ95,aktiv,Nord,,False,True
DEU,DEU2Z543,2Z543,aktiv,Süd,,False,True
DEU,DEU2Z792,2Z792,aktiv,Süd,,False,True
DEU,DEU2Z793,2Z793,aktiv,Digital,,False,True
DEU,DEU2Z794,2Z794,aktiv,Digital,,False,True
DEU,DEU2Z943,2Z943,aktiv,Süd,,False,True
AUT,AUT24400,24400,aktiv,Österreich,,False,False
AUT,AUT62500,62500,aktiv,Österreich,OTH3,True,True
DEU,DEU1A8C0,1A8C0,aktiv,Nord,,False,True
DEU,DEU1DJ2B,1DJ2B,aktiv,Nord,,False,True
DEU,DEU1E30D,1E30D,aktiv,Nord,,True,True
AUT,AUT24500,24500,aktiv,Österreich,OTH1,False,True
DEU,DEU2T351,2T351,aktiv,Süd,,False,False
DEU,DEU2T726,2T726,aktiv,Digital,,False,False
DEU,DEU2Y542,2Y542,aktiv,Süd,,False,False
DEU,DEU2Q116,2Q116,aktiv,Süd,,False,False
DEU,DEU1C410,1C410,aktiv,Nord,,False,False
DEU,DEU2T725,2T725,aktiv,Digital,,False,False
DEU,DEU2G400,2G400,aktiv,Nord,,False,False
DEU,DEU1W25X,1W25X,aktiv,Süd,MTH1,False,False
DEU,DEU1W78H,1W78H,aktiv,Süd,MTH1,False,False
DEU,DEU1Z17A,1Z17A,aktiv,Süd,MTH1,False,False
DEU,DEU1Z17B,1Z17B,aktiv,Süd,MTH1,True,False
